,date,NOx,NO_2,NOx,O_3
1,29.10.2009,2,13,15,17
2,30.10.2009,3,12,16,16
3,31.10.2009,2,14,16,17
4,01.11.2009,3,16,19,19
5,02.11.2009,8,28,40,10
6,03.11.2009,1,17,18,19
7,04.11.2009,10,19,34,10
8,05.11.2009,3,23,27,18
9,06.11.2009,4,25,31,13
10,07.11.2009,6,23,33,10
11,08.11.2009,2,17,21,10
12,09.11.2009,2,12,15,13
13,10.11.2009,9,19,33,2
14,11.11.2009,31,21,68,1
15,12.11.2009,9,22,36,7
16,13.11.2009,9,28,41,6
17,14.11.2009,4,26,32,9
18,15.11.2009,1,14,15,29
19,16.11.2009,17,26,52,4
20,17.11.2009,5,22,30,7
21,18.11.2009,0,10,11,42
22,19.11.2009,0,10,10,43
23,20.11.2009,9,33,48,8
24,21.11.2009,7,26,37,12
25,22.11.2009,4,22,29,18
26,23.11.2009,1,8,9,56
27,24.11.2009,1,10,11,52
28,25.11.2009,0,12,13,52
29,26.11.2009,0,9,10,56
30,27.11.2009,1,13,13,48
31,28.11.2009,1,9,10,49
32,29.11.2009,1,17,18,41
33,30.11.2009,11,28,45,9
34,01.12.2009,1,16,17,21
35,02.12.2009,11,27,43,11
36,03.12.2009,9,31,45,3
37,04.12.2009,6,27,36,4
38,05.12.2009,5,30,37,14
39,06.12.2009,3,26,29,9
40,07.12.2009,11,23,40,19
41,08.12.2009,4,22,27,5
42,09.12.2009,9,20,33,2
43,10.12.2009,6,30,39,6
44,11.12.2009,2,15,19,14
45,12.12.2009,2,12,15,13
46,13.12.2009,0,5,5,39
47,14.12.2009,3,22,27,16
48,15.12.2009,1,18,20,8
49,16.12.2009,5,28,36,11
50,17.12.2009,2,20,23,24
51,18.12.2009,0,5,5,42
52,19.12.2009,4,18,24,30
53,20.12.2009,5,31,38,23
54,21.12.2009,2,28,32,35
55,22.12.2009,4,29,34,35
56,23.12.2009,10,32,47,9
57,24.12.2009,0,11,11,30
58,25.12.2009,2,15,17,22
59,26.12.2009,0,6,6,53
60,27.12.2009,1,21,22,26
61,28.12.2009,0,11,11,37
62,29.12.2009,1,15,17,35
63,30.12.2009,0,12,12,33
64,31.12.2009,0,2,2,62
65,01.01.2010,0,5,5,56
66,02.01.2010,0,7,7,53
67,03.01.2010,0,7,7,36
68,04.01.2010,1,13,14,28
69,05.01.2010,14,42,64,10
70,06.01.2010,6,39,48,14
71,07.01.2010,4,30,36,25
72,08.01.2010,4,27,33,29
73,09.01.2010,0,6,6,53
74,10.01.2010,0,4,4,48
75,11.01.2010,1,14,14,36
76,12.01.2010,2,23,26,21
77,13.01.2010,0,15,15,34
78,14.01.2010,1,18,19,34
79,15.01.2010,1,26,27,22
80,16.01.2010,0,17,18,34
81,17.01.2010,1,20,21,34
82,18.01.2010,4,22,27,24
83,19.01.2010,13,29,50,9
84,20.01.2010,3,14,17,33
85,21.01.2010,1,12,13,53
86,22.01.2010,1,19,20,46
87,23.01.2010,1,19,21,55
88,24.01.2010,1,15,17,68
89,25.01.2010,1,19,21,65
90,26.01.2010,3,36,40,42
91,27.01.2010,17,50,76,34
92,28.01.2010,0,10,11,72
93,29.01.2010,1,18,19,53
94,30.01.2010,0,7,7,64
95,31.01.2010,1,16,18,51
96,01.02.2010,1,17,18,50
97,02.02.2010,1,17,19,49
98,03.02.2010,1,9,10,60
99,04.02.2010,10,44,60,16
100,05.02.2010,1,19,20,58
101,06.02.2010,1,12,14,69
102,07.02.2010,0,5,5,65
103,08.02.2010,1,11,12,60
104,09.02.2010,1,16,17,63
105,10.02.2010,1,18,19,67
106,11.02.2010,0,8,9,77
107,12.02.2010,0,4,4,73
108,13.02.2010,0,5,6,62
109,14.02.2010,1,14,15,48
110,15.02.2010,6,39,48,25
111,16.02.2010,4,34,41,32
112,17.02.2010,2,22,25,62
113,18.02.2010,10,49,65,29
114,19.02.2010,15,50,73,9
115,20.02.2010,1,13,14,58
116,21.02.2010,1,13,15,57
117,22.02.2010,4,30,36,42
118,23.02.2010,1,15,17,51
119,24.02.2010,1,14,15,49
120,25.02.2010,6,31,40,28
121,26.02.2010,6,31,39,35
122,27.02.2010,0,10,10,68
123,28.02.2010,1,14,15,66
124,01.03.2010,0,6,6,71
125,02.03.2010,0,6,6,72
126,03.03.2010,1,14,15,60
127,04.03.2010,3,18,22,51
128,05.03.2010,1,16,17,64
129,06.03.2010,0,6,6,68
130,07.03.2010,0,8,8,63
131,08.03.2010,0,9,10,66
132,09.03.2010,2,23,25,50
133,10.03.2010,1,17,18,57
134,11.03.2010,1,12,14,50
135,12.03.2010,2,18,21,40
136,13.03.2010,0,3,4,70
137,14.03.2010,0,3,4,79
138,15.03.2010,1,11,12,67
139,16.03.2010,1,9,10,67
140,17.03.2010,3,27,31,38
141,18.03.2010,4,26,32,50
142,19.03.2010,2,26,29,51
143,20.03.2010,1,14,15,51
144,21.03.2010,0,5,5,59
145,22.03.2010,1,13,14,63
146,23.03.2010,2,20,23,49
147,24.03.2010,3,23,28,49
148,25.03.2010,3,26,30,53
149,26.03.2010,4,28,33,49
150,27.03.2010,0,9,9,66
151,28.03.2010,0,9,9,54
152,29.03.2010,1,14,16,48
153,30.03.2010,4,18,23,38
154,31.03.2010,0,9,9,62
155,01.04.2010,0,7,8,70
156,02.04.2010,1,13,15,60
157,03.04.2010,1,15,16,64
158,04.04.2010,1,8,9,66
159,05.04.2010,0,8,9,64
160,06.04.2010,12,25,44,44
161,07.04.2010,1,13,15,77
162,08.04.2010,2,19,22,70
163,09.04.2010,1,11,12,57
164,10.04.2010,0,3,3,70
165,11.04.2010,0,4,5,66
166,12.04.2010,0,6,6,76
167,13.04.2010,0,5,5,90
168,14.04.2010,1,5,6,81
169,15.04.2010,0,5,5,79
170,16.04.2010,2,16,18,64
171,17.04.2010,1,10,10,72
172,18.04.2010,1,12,14,87
173,19.04.2010,0,9,9,83
174,20.04.2010,3,18,22,65
175,21.04.2010,0,3,4,71
176,22.04.2010,1,9,10,70
177,23.04.2010,4,14,20,66
178,24.04.2010,1,9,11,71
179,25.04.2010,0,7,8,89
180,26.04.2010,2,15,18,77
181,27.04.2010,1,10,11,63
182,28.04.2010,3,12,17,66
183,29.04.2010,2,24,27,77
184,30.04.2010,2,20,23,71
185,01.05.2010,0,7,8,66
186,02.05.2010,0,6,6,57
187,03.05.2010,0,6,7,56
188,04.05.2010,0,8,9,62
189,05.05.2010,1,8,10,64
190,06.05.2010,0,4,5,70
191,07.05.2010,3,13,17,21
192,08.05.2010,2,9,13,28
193,09.05.2010,3,10,15,43
194,10.05.2010,1,8,9,41
195,11.05.2010,0,8,8,59
196,12.05.2010,1,12,13,50
197,13.05.2010,1,9,10,39
198,14.05.2010,0,6,6,53
199,15.05.2010,0,5,6,63
200,16.05.2010,0,6,6,72
201,17.05.2010,1,10,11,72
202,18.05.2010,0,7,7,68
203,19.05.2010,0,8,9,49
204,20.05.2010,1,8,9,40
205,21.05.2010,2,14,16,47
206,22.05.2010,2,13,15,44
207,23.05.2010,0,5,5,62
208,24.05.2010,0,4,5,56
209,25.05.2010,0,5,6,74
210,26.05.2010,1,8,10,56
211,27.05.2010,0,7,8,52
212,28.05.2010,2,16,19,41
213,29.05.2010,1,7,8,62
214,30.05.2010,1,8,10,54
215,31.05.2010,1,5,6,59
216,01.06.2010,0,5,6,59
217,02.06.2010,0,3,4,66
218,03.06.2010,0,4,5,76
219,04.06.2010,1,10,11,58
220,05.06.2010,1,10,12,63
221,06.06.2010,0,7,7,84
222,07.06.2010,0,8,8,83
223,08.06.2010,1,10,12,73
224,09.06.2010,1,9,10,70
225,10.06.2010,1,12,14,67
226,11.06.2010,1,8,9,75
227,12.06.2010,0,5,6,64
228,13.06.2010,0,4,4,63
229,14.06.2010,1,4,5,52
230,15.06.2010,1,9,11,56
231,16.06.2010,0,5,5,66
232,17.06.2010,1,6,7,70
233,18.06.2010,1,7,9,63
234,19.06.2010,0,3,4,62
235,20.06.2010,0,5,5,50
236,21.06.2010,1,11,12,46
237,22.06.2010,2,10,12,57
238,23.06.2010,2,10,14,51
239,24.06.2010,2,8,10,61
240,25.06.2010,3,7,12,76
241,26.06.2010,0,3,3,71
242,27.06.2010,0,4,4,62
243,28.06.2010,1,8,9,77
244,29.06.2010,1,12,14,100
245,30.06.2010,1,7,8,92
246,01.07.2010,0,6,6,85
247,02.07.2010,1,14,16,102
248,03.07.2010,1,7,7,102
249,04.07.2010,0,7,7,108
250,05.07.2010,1,9,11,82
251,06.07.2010,1,6,7,58
252,07.07.2010,1,6,7,56
253,08.07.2010,3,19,23,75
254,09.07.2010,1,16,18,101
255,10.07.2010,0,10,11,127
256,11.07.2010,0,8,8,116
257,12.07.2010,1,8,9,102
258,13.07.2010,0,6,7,94
259,14.07.2010,1,9,9,103
260,15.07.2010,0,6,7,90
261,16.07.2010,1,11,13,101
262,17.07.2010,0,9,10,81
263,18.07.2010,0,5,6,68
264,19.07.2010,1,14,15,68
265,20.07.2010,1,11,12,78
266,21.07.2010,1,15,16,89
267,22.07.2010,1,14,15,95
268,23.07.2010,1,5,6,44
269,24.07.2010,1,6,7,57
270,25.07.2010,0,6,6,64
271,26.07.2010,3,15,18,60
272,27.07.2010,2,19,22,59
273,28.07.2010,3,15,19,59
274,29.07.2010,1,6,7,54
275,30.07.2010,1,7,9,46
276,31.07.2010,2,14,17,57
277,01.08.2010,1,14,16,74
278,02.08.2010,1,11,13,68
279,03.08.2010,1,9,11,29
280,04.08.2010,2,11,13,46
281,05.08.2010,2,15,18,56
282,06.08.2010,1,11,12,54
283,07.08.2010,1,8,8,56
284,08.08.2010,1,10,11,57
285,09.08.2010,2,12,15,47
286,10.08.2010,2,11,14,54
287,11.08.2010,2,19,22,45
288,12.08.2010,2,16,19,43
289,13.08.2010,1,9,10,45
290,14.08.2010,0,5,6,50
291,15.08.2010,1,6,7,35
292,16.08.2010,1,9,11,50
293,17.08.2010,2,12,15,31
294,18.08.2010,0,7,7,48
295,19.08.2010,1,8,9,53
296,20.08.2010,2,12,15,48
297,21.08.2010,1,13,15,63
298,22.08.2010,1,10,13,54
299,23.08.2010,2,14,17,43
300,24.08.2010,1,6,7,65
301,25.08.2010,1,8,9,56
302,26.08.2010,5,23,30,16
303,27.08.2010,1,8,10,30
304,28.08.2010,0,4,5,49
305,29.08.2010,1,5,6,40
306,30.08.2010,1,7,7,44
307,31.08.2010,0,7,7,48
308,01.09.2010,1,10,12,32
309,02.09.2010,2,12,15,25
310,03.09.2010,5,13,21,23
311,04.09.2010,3,12,16,26
312,05.09.2010,0,4,5,40
313,06.09.2010,1,6,7,38
314,07.09.2010,1,7,8,42
315,08.09.2010,1,7,8,60
316,09.09.2010,4,14,20,26
317,10.09.2010,2,10,14,29
318,11.09.2010,5,10,17,29
319,12.09.2010,2,12,15,36
320,13.09.2010,1,10,11,28
321,14.09.2010,1,13,15,25
322,15.09.2010,1,7,8,53
323,16.09.2010,1,8,9,58
324,17.09.2010,1,9,10,47
325,18.09.2010,0,6,6,49
326,19.09.2010,1,6,6,45
327,20.09.2010,2,16,18,43
328,21.09.2010,1,11,12,35
329,22.09.2010,6,18,28,23
330,23.09.2010,4,19,26,38
331,24.09.2010,3,19,23,35
332,25.09.2010,1,9,10,32
333,26.09.2010,1,6,7,30
334,27.09.2010,2,7,11,34
335,28.09.2010,0,6,6,37
336,29.09.2010,1,5,6,39
337,30.09.2010,5,7,15,18
338,01.10.2010,5,12,19,22
339,02.10.2010,2,11,14,32
340,03.10.2010,1,9,10,43
341,04.10.2010,1,10,11,54
342,05.10.2010,1,15,17,31
343,06.10.2010,2,14,17,26
344,07.10.2010,2,18,22,22
345,08.10.2010,1,13,15,37
346,09.10.2010,1,12,13,42
347,10.10.2010,1,8,9,46
348,11.10.2010,1,11,13,21
349,12.10.2010,8,18,30,16
350,13.10.2010,6,16,26,18
351,14.10.2010,7,20,30,21
352,15.10.2010,7,14,25,22
353,16.10.2010,6,10,19,28
354,17.10.2010,0,6,6,34
355,18.10.2010,9,30,43,14
356,19.10.2010,3,24,28,16
357,20.10.2010,1,9,10,40
358,21.10.2010,1,10,11,42
359,22.10.2010,1,16,18,32
360,23.10.2010,3,21,26,31
361,24.10.2010,0,4,4,57
362,25.10.2010,1,13,14,35
363,26.10.2010,1,16,18,33
364,27.10.2010,16,27,52,18
365,28.10.2010,3,22,26,23
366,29.10.2010,9,33,47,19
367,30.10.2010,3,29,33,22
368,31.10.2010,2,22,25,18
369,01.11.2010,12,20,39,6
370,02.11.2010,2,20,24,15
371,03.11.2010,1,11,12,37
372,04.11.2010,0,11,12,38
373,05.11.2010,0,8,9,45
374,06.11.2010,0,8,8,52
375,07.11.2010,1,11,12,18
376,08.11.2010,0,11,12,29
377,09.11.2010,2,20,24,16
378,10.11.2010,31,24,71,3
379,11.11.2010,1,16,17,34
380,12.11.2010,0,8,9,56
381,13.11.2010,1,8,9,46
382,14.11.2010,1,13,14,39
383,15.11.2010,2,18,21,39
384,16.11.2010,0,6,7,48
385,17.11.2010,0,7,7,49
386,18.11.2010,1,12,14,11
387,19.11.2010,9,22,36,4
388,20.11.2010,23,25,59,1
389,21.11.2010,5,12,20,13
390,22.11.2010,1,11,12,16
391,23.11.2010,0,8,8,29
392,24.11.2010,0,9,10,46
393,25.11.2010,3,18,22,37
394,26.11.2010,3,20,25,27
395,27.11.2010,3,19,23,19
396,28.11.2010,4,16,21,23
397,29.11.2010,0,4,5,35
398,30.11.2010,0,5,5,50
399,01.12.2010,0,5,5,48
400,02.12.2010,1,15,17,41
401,03.12.2010,2,31,35,26
402,04.12.2010,10,42,57,15
403,05.12.2010,1,17,18,46
404,06.12.2010,17,34,59,17
405,07.12.2010,12,20,39,28
406,08.12.2010,0,8,8,44
407,09.12.2010,0,7,7,55
408,10.12.2010,1,22,24,44
409,11.12.2010,0,10,10,58
410,12.12.2010,0,2,2,65
411,13.12.2010,1,17,18,44
412,14.12.2010,0,9,9,51
413,15.12.2010,1,14,15,40
414,16.12.2010,4,33,39,19
415,17.12.2010,13,36,56,18
416,18.12.2010,4,32,39,26
417,19.12.2010,10,41,56,12
418,20.12.2010,2,19,21,30
419,21.12.2010,34,42,94,9
420,22.12.2010,3,31,35,15
421,23.12.2010,3,24,28,15
422,24.12.2010,0,4,4,39
423,25.12.2010,0,2,3,51
424,26.12.2010,1,12,13,51
425,27.12.2010,3,28,31,27
426,28.12.2010,1,11,12,39
427,29.12.2010,19,36,66,19
428,30.12.2010,9,30,43,20
429,31.12.2010,1,21,22,39
430,01.01.2011,0,4,4,68
431,02.01.2011,0,8,9,60
432,03.01.2011,0,12,12,54
433,04.01.2011,3,36,40,25
434,05.01.2011,4,38,45,28
435,06.01.2011,2,35,39,29
436,07.01.2011,4,26,32,23
437,08.01.2011,6,32,42,13
438,09.01.2011,2,20,23,29
439,10.01.2011,6,27,37,24
440,11.01.2011,9,38,51,
441,12.01.2011,1,18,19,38
442,13.01.2011,17,29,56,7
443,14.01.2011,6,23,32,23
444,15.01.2011,1,11,13,46
445,16.01.2011,0,10,11,44
446,17.01.2011,28,34,77,8
447,18.01.2011,2,22,25,28
448,19.01.2011,1,17,18,38
449,20.01.2011,0,7,7,58
450,21.01.2011,1,14,16,43
451,22.01.2011,1,9,10,42
452,23.01.2011,0,3,3,48
453,24.01.2011,1,13,15,29
454,25.01.2011,0,11,12,48
455,26.01.2011,1,8,9,48
456,27.01.2011,0,6,6,57
457,28.01.2011,2,18,21,26
458,29.01.2011,7,35,46,13
459,30.01.2011,11,22,38,19
460,31.01.2011,17,33,59,13
461,01.02.2011,2,15,18,31
462,02.02.2011,15,41,64,13
463,03.02.2011,2,23,26,24
464,04.02.2011,1,12,12,46
465,05.02.2011,0,4,5,67
466,06.02.2011,0,3,3,68
467,07.02.2011,1,12,13,58
468,08.02.2011,1,7,7,70
469,09.02.2011,5,18,26,42
470,10.02.2011,9,40,54,16
471,11.02.2011,1,17,18,48
472,12.02.2011,0,5,5,66
473,13.02.2011,0,5,6,61
474,14.02.2011,0,7,8,58
475,15.02.2011,1,9,10,58
476,16.02.2011,1,14,16,46
477,17.02.2011,1,14,15,38
478,18.02.2011,0,9,9,39
479,19.02.2011,0,1,1,68
480,20.02.2011,0,4,4,78
481,21.02.2011,0,5,5,76
482,22.02.2011,0,8,8,69
483,23.02.2011,2,20,22,50
484,24.02.2011,1,17,18,68
485,25.02.2011,1,17,19,71
486,26.02.2011,2,17,20,74
487,27.02.2011,1,12,13,65
488,28.02.2011,3,19,24,49
489,01.03.2011,1,15,16,62
490,02.03.2011,1,16,18,64
491,03.03.2011,1,13,14,79
492,04.03.2011,3,29,33,52
493,05.03.2011,1,19,21,46
494,06.03.2011,0,7,8,65
495,07.03.2011,3,24,28,47
496,08.03.2011,4,34,40,42
497,09.03.2011,2,26,29,55
498,10.03.2011,1,10,12,58
499,11.03.2011,1,12,13,65
500,12.03.2011,5,23,30,41
501,13.03.2011,2,23,26,51
502,14.03.2011,6,30,39,30
503,15.03.2011,1,16,18,43
504,16.03.2011,0,6,6,
505,17.03.2011,0,9,10,
506,18.03.2011,1,13,14,
507,19.03.2011,0,8,8,
508,20.03.2011,1,10,11,
509,21.03.2011,4,19,25,
510,22.03.2011,3,24,28,
511,23.03.2011,1,15,18,
512,24.03.2011,1,11,12,
513,25.03.2011,1,11,12,
514,26.03.2011,0,4,4,82
515,27.03.2011,1,16,18,63
516,28.03.2011,3,26,31,52
517,29.03.2011,1,16,18,69
518,30.03.2011,5,25,34,56
519,31.03.2011,2,15,17,53
520,01.04.2011,1,8,9,65
521,02.04.2011,3,14,18,39
522,03.04.2011,1,12,14,57
523,04.04.2011,1,9,10,62
524,05.04.2011,2,12,15,61
525,06.04.2011,1,14,16,44
526,07.04.2011,2,13,15,58
527,08.04.2011,0,5,5,84
528,09.04.2011,0,5,5,85
529,10.04.2011,1,11,12,69
530,11.04.2011,2,21,24,62
531,12.04.2011,0,10,11,75
532,13.04.2011,0,7,8,71
533,14.04.2011,1,10,12,50
534,15.04.2011,3,15,20,44
535,16.04.2011,2,15,17,63
536,17.04.2011,1,17,18,71
537,18.04.2011,3,14,18,66
538,19.04.2011,1,13,15,76
539,20.04.2011,2,16,18,86
540,21.04.2011,1,13,16,91
541,22.04.2011,0,9,10,113
542,23.04.2011,0,6,7,119
543,24.04.2011,0,4,4,105
544,25.04.2011,0,5,5,96
545,26.04.2011,0,8,9,73
546,27.04.2011,3,15,20,50
547,28.04.2011,1,8,9,88
548,29.04.2011,1,7,7,91
549,30.04.2011,0,4,4,89
550,01.05.2011,0,3,3,91
551,02.05.2011,0,4,5,78
552,03.05.2011,0,4,5,75
553,04.05.2011,1,10,11,65
554,05.05.2011,2,12,15,72
555,06.05.2011,3,26,31,70
556,07.05.2011,1,11,11,99
557,08.05.2011,0,5,5,81
558,09.05.2011,1,10,12,90
559,10.05.2011,1,16,17,97
560,11.05.2011,2,20,23,75
561,12.05.2011,1,11,12,75
562,13.05.2011,0,6,6,76
563,14.05.2011,3,14,19,63
564,15.05.2011,0,4,5,60
565,16.05.2011,1,9,10,48
566,17.05.2011,1,11,12,43
567,18.05.2011,1,11,12,65
568,19.05.2011,3,18,22,63
569,20.05.2011,1,11,12,61
570,21.05.2011,1,8,9,75
571,22.05.2011,0,7,7,93
572,23.05.2011,1,8,9,76
573,24.05.2011,1,12,13,67
574,25.05.2011,1,9,9,72
575,26.05.2011,1,16,18,89
576,27.05.2011,1,8,9,72
577,28.05.2011,0,7,7,76
578,29.05.2011,0,7,8,75
579,30.05.2011,1,16,18,88
580,31.05.2011,1,13,14,111
581,01.06.2011,0,4,4,67
582,02.06.2011,0,5,5,76
583,03.06.2011,0,4,4,65
584,04.06.2011,0,6,6,75
585,05.06.2011,0,7,7,97
586,06.06.2011,1,12,13,84
587,07.06.2011,1,10,11,68
588,08.06.2011,1,10,11,49
589,09.06.2011,1,7,8,81
590,10.06.2011,0,9,9,81
591,11.06.2011,1,11,12,76
592,12.06.2011,0,6,7,75
593,13.06.2011,0,6,7,90
594,14.06.2011,1,8,9,69
595,15.06.2011,1,7,8,85
596,16.06.2011,2,15,18,71
597,17.06.2011,0,6,7,73
598,18.06.2011,1,5,6,56
599,19.06.2011,1,4,5,56
600,20.06.2011,0,7,7,59
601,21.06.2011,1,10,12,41
602,22.06.2011,1,10,12,53
603,23.06.2011,1,7,8,52
604,24.06.2011,1,6,7,63
605,25.06.2011,0,4,5,74
606,26.06.2011,1,6,7,47
607,27.06.2011,1,6,7,65
608,28.06.2011,1,6,7,77
609,29.06.2011,1,8,9,83
610,30.06.2011,1,8,9,50
611,01.07.2011,0,5,6,60
612,02.07.2011,0,5,5,54
613,03.07.2011,1,5,6,29
614,04.07.2011,1,8,9,25
615,05.07.2011,0,5,6,48
616,06.07.2011,1,8,10,72
617,07.07.2011,1,10,10,75
618,08.07.2011,1,10,11,67
619,09.07.2011,2,12,15,48
620,10.07.2011,0,5,5,60
621,11.07.2011,0,6,6,56
622,12.07.2011,1,6,7,69
623,13.07.2011,1,9,10,77
624,14.07.2011,0,6,7,55
625,15.07.2011,0,8,9,53
626,16.07.2011,0,8,9,73
627,17.07.2011,0,6,7,79
628,18.07.2011,1,7,8,52
629,19.07.2011,1,8,10,57
630,20.07.2011,0,4,4,76
631,21.07.2011,0,8,9,58
632,22.07.2011,0,4,4,55
633,23.07.2011,0,3,4,57
634,24.07.2011,0,5,5,60
635,25.07.2011,1,8,10,36
636,26.07.2011,3,11,15,40
637,27.07.2011,1,6,7,47
638,28.07.2011,2,12,14,43
639,29.07.2011,0,6,6,59
640,30.07.2011,0,5,6,52
641,31.07.2011,0,3,4,41
642,01.08.2011,1,8,10,30
643,02.08.2011,1,5,6,42
644,03.08.2011,1,7,9,58
645,04.08.2011,2,17,20,46
646,05.08.2011,2,10,13,35
647,06.08.2011,1,8,11,54
648,07.08.2011,0,7,7,48
649,08.08.2011,1,9,10,40
650,09.08.2011,0,5,6,53
651,10.08.2011,0,4,4,56
652,11.08.2011,1,10,11,48
653,12.08.2011,0,8,8,50
654,13.08.2011,1,6,7,37
655,14.08.2011,1,9,11,34
656,15.08.2011,1,6,7,47
657,16.08.2011,1,7,9,42
658,17.08.2011,5,16,24,41
659,18.08.2011,1,12,14,64
660,19.08.2011,0,8,8,65
661,20.08.2011,0,6,6,60
662,21.08.2011,1,14,15,48
663,22.08.2011,1,8,9,58
664,23.08.2011,1,10,11,36
665,24.08.2011,2,10,13,55
666,25.08.2011,0,9,9,59
667,26.08.2011,0,7,8,92
668,27.08.2011,0,6,6,56
669,28.08.2011,0,5,5,50
670,29.08.2011,1,8,8,48
671,30.08.2011,0,7,8,50
672,31.08.2011,1,10,12,33
673,01.09.2011,1,9,11,39
674,02.09.2011,2,13,16,36
675,03.09.2011,1,13,15,63
676,04.09.2011,0,10,10,64
677,05.09.2011,1,11,12,41
678,06.09.2011,1,9,11,50
679,07.09.2011,0,8,9,48
680,08.09.2011,0,9,9,40
681,09.09.2011,1,7,8,36
682,10.09.2011,4,11,16,12
683,11.09.2011,1,6,8,48
684,12.09.2011,0,6,7,58
685,13.09.2011,0,8,8,58
686,14.09.2011,0,9,10,48
687,15.09.2011,0,8,9,45
688,16.09.2011,1,10,12,37
689,17.09.2011,1,13,15,43
690,18.09.2011,0,10,11,38
691,19.09.2011,4,14,19,24
692,20.09.2011,4,15,21,28
693,21.09.2011,6,16,26,30
694,22.09.2011,1,14,15,40
695,23.09.2011,1,14,16,39
696,24.09.2011,3,15,19,32
697,25.09.2011,1,15,16,40
698,26.09.2011,10,23,38,30
699,27.09.2011,4,16,21,27
700,28.09.2011,4,13,19,22
701,29.09.2011,13,19,38,23
702,30.09.2011,22,27,61,17
703,01.10.2011,12,17,35,30
704,02.10.2011,1,12,14,42
705,03.10.2011,1,12,13,54
706,04.10.2011,1,14,15,65
707,05.10.2011,1,11,11,40
708,06.10.2011,1,8,9,46
709,07.10.2011,1,10,11,36
710,08.10.2011,0,6,6,50
711,09.10.2011,0,7,7,38
712,10.10.2011,1,10,12,30
713,11.10.2011,0,6,6,60
714,12.10.2011,1,10,11,44
715,13.10.2011,2,13,15,27
716,14.10.2011,7,12,22,20
717,15.10.2011,3,14,19,17
718,16.10.2011,1,12,14,32
719,17.10.2011,9,24,38,19
720,18.10.2011,2,18,21,40
721,19.10.2011,1,10,12,38
722,20.10.2011,0,13,13,34
723,21.10.2011,5,17,25,18
724,22.10.2011,25,23,62,16
725,23.10.2011,1,15,16,32
726,24.10.2011,0,11,11,35
727,25.10.2011,1,9,10,42
728,26.10.2011,13,20,40,12
729,27.10.2011,8,16,29,10
730,28.10.2011,8,19,32,13
731,29.10.2011,34,24,76,6
732,30.10.2011,4,22,28,11
733,31.10.2011,3,15,20,11
734,01.11.2011,3,25,29,20
735,02.11.2011,13,27,47,4
736,03.11.2011,4,25,32,14
737,04.11.2011,3,24,28,20
738,05.11.2011,1,14,16,22
739,06.11.2011,1,13,15,21
740,07.11.2011,3,15,19,15
741,08.11.2011,4,20,26,10
742,09.11.2011,5,18,26,11
743,10.11.2011,2,12,14,19
744,11.11.2011,0,9,10,35
745,12.11.2011,1,18,20,23
746,13.11.2011,3,24,29,12
747,14.11.2011,18,25,52,14
748,15.11.2011,0,8,8,36
749,16.11.2011,1,14,14,28
750,17.11.2011,7,33,44,5
751,18.11.2011,20,35,66,5
752,19.11.2011,45,29,99,3
753,20.11.2011,30,25,71,4
754,21.11.2011,8,21,32,15
755,22.11.2011,3,23,28,12
756,23.11.2011,39,32,92,2
757,24.11.2011,48,28,101,2
758,25.11.2011,13,29,49,14
759,26.11.2011,1,14,14,36
760,27.11.2011,0,3,3,53
761,28.11.2011,5,17,25,36
762,29.11.2011,9,33,46,9
763,30.11.2011,6,24,34,22
764,01.12.2011,9,28,42,9
765,02.12.2011,1,14,15,36
766,03.12.2011,1,9,10,40
767,04.12.2011,0,5,5,53
768,05.12.2011,0,5,6,51
769,06.12.2011,0,9,9,45
770,07.12.2011,1,12,13,43
771,08.12.2011,1,10,11,45
772,09.12.2011,0,8,8,57
773,10.12.2011,0,12,12,46
774,11.12.2011,1,20,21,35
775,12.12.2011,2,26,30,23
776,13.12.2011,0,18,19,40
777,14.12.2011,1,18,20,45
778,15.12.2011,1,16,17,46
779,16.12.2011,1,17,18,40
780,17.12.2011,0,5,6,49
781,18.12.2011,0,6,6,51
782,19.12.2011,36,28,84,36
783,20.12.2011,1,29,31,24
784,21.12.2011,1,23,26,19
785,22.12.2011,7,23,34,20
786,23.12.2011,4,22,29,8
787,24.12.2011,0,6,7,43
788,25.12.2011,0,7,7,38
789,26.12.2011,0,7,7,38
790,27.12.2011,0,8,8,42
791,28.12.2011,1,16,17,26
792,29.12.2011,0,7,7,50
793,30.12.2011,0,6,6,55
794,31.12.2011,1,12,15,35
795,01.01.2012,3,18,23,16
796,02.01.2012,0,9,9,45
797,03.01.2012,0,11,11,50
798,04.01.2012,0,7,7,62
799,05.01.2012,0,5,5,63
800,06.01.2012,0,8,9,48
801,07.01.2012,0,6,6,49
802,08.01.2012,0,5,5,52
803,09.01.2012,0,13,14,32
804,10.01.2012,0,7,7,54
805,11.01.2012,1,14,15,33
806,12.01.2012,0,9,10,45
807,13.01.2012,0,5,6,61
808,14.01.2012,0,8,9,50
809,15.01.2012,2,16,19,32
810,16.01.2012,2,24,27,16
811,17.01.2012,1,15,16,34
812,18.01.2012,13,41,60,11
813,19.01.2012,1,19,20,28
814,20.01.2012,0,8,8,55
815,21.01.2012,0,9,9,51
816,22.01.2012,0,3,4,59
817,23.01.2012,2,19,22,25
818,24.01.2012,1,14,15,22
819,25.01.2012,4,23,30,18
820,26.01.2012,7,21,31,26
821,27.01.2012,1,20,21,35
822,28.01.2012,1,21,22,30
823,29.01.2012,1,17,18,43
824,30.01.2012,1,17,18,47
825,31.01.2012,1,14,15,47
826,01.02.2012,0,11,11,54
827,02.02.2012,1,17,18,42
828,03.02.2012,5,26,34,33
829,04.02.2012,9,35,48,18
830,05.02.2012,3,22,27,29
831,06.02.2012,1,17,19,44
832,07.02.2012,1,18,19,47
833,08.02.2012,4,20,27,48
834,09.02.2012,1,12,14,55
835,10.02.2012,1,17,18,53
836,11.02.2012,1,24,25,42
837,12.02.2012,2,28,32,40
838,13.02.2012,2,22,25,37
839,14.02.2012,8,33,45,21
840,15.02.2012,0,2,2,75
841,16.02.2012,1,14,17,50
842,17.02.2012,1,10,11,49
843,18.02.2012,1,15,18,30
844,19.02.2012,0,4,4,60
845,20.02.2012,1,14,15,57
846,21.02.2012,1,18,19,46
847,22.02.2012,1,18,20,44
848,23.02.2012,0,9,10,52
849,24.02.2012,0,12,12,36
850,25.02.2012,0,4,4,69
851,26.02.2012,0,7,7,64
852,27.02.2012,2,22,25,33
853,28.02.2012,1,16,17,25
854,29.02.2012,1,11,13,31
855,01.03.2012,2,14,16,23
856,02.03.2012,0,11,11,46
857,03.03.2012,1,9,10,45
858,04.03.2012,0,7,8,63
859,05.03.2012,1,11,11,62
860,06.03.2012,0,12,13,55
861,07.03.2012,3,28,32,45
862,08.03.2012,1,27,28,33
863,09.03.2012,1,16,18,45
864,10.03.2012,0,12,12,50
865,11.03.2012,0,2,2,73
866,12.03.2012,0,8,8,54
867,13.03.2012,1,7,7,62
868,14.03.2012,0,11,12,58
869,15.03.2012,4,22,29,28
870,16.03.2012,22,35,69,22
871,17.03.2012,13,30,49,39
872,18.03.2012,1,15,16,52
873,19.03.2012,0,8,8,72
874,20.03.2012,2,16,18,49
875,21.03.2012,1,13,14,48
876,22.03.2012,3,18,23,50
877,23.03.2012,5,11,20,56
878,24.03.2012,1,10,12,53
879,25.03.2012,1,6,7,48
880,26.03.2012,3,15,19,46
881,27.03.2012,1,17,19,47
882,28.03.2012,1,10,11,70
883,29.03.2012,0,3,4,77
884,30.03.2012,0,5,5,72
885,31.03.2012,0,2,3,77
886,01.04.2012,0,5,5,65
887,02.04.2012,0,7,7,75
888,03.04.2012,1,13,14,54
889,04.04.2012,0,8,9,42
890,05.04.2012,0,8,8,65
891,06.04.2012,1,9,10,63
892,07.04.2012,0,6,6,68
893,08.04.2012,0,7,8,65
894,09.04.2012,1,13,14,64
895,10.04.2012,1,13,15,54
896,11.04.2012,2,21,25,47
897,12.04.2012,2,16,18,43
898,13.04.2012,1,13,15,44
899,14.04.2012,6,11,20,54
900,15.04.2012,0,3,3,79
901,16.04.2012,1,6,7,81
902,17.04.2012,0,10,11,76
903,18.04.2012,1,17,19,78
904,19.04.2012,1,16,17,81
905,20.04.2012,3,17,22,64
906,21.04.2012,1,13,14,59
907,22.04.2012,0,7,7,73
908,23.04.2012,1,11,12,70
909,24.04.2012,1,13,14,67
910,25.04.2012,1,12,13,62
911,26.04.2012,1,20,22,65
912,27.04.2012,1,9,11,80
913,28.04.2012,0,9,10,90
914,29.04.2012,1,11,12,77
915,30.04.2012,0,5,6,83
916,01.05.2012,0,4,5,94
917,02.05.2012,0,6,6,87
918,03.05.2012,1,11,12,59
919,04.05.2012,1,10,11,68
920,05.05.2012,0,6,6,52
921,06.05.2012,0,3,3,60
922,07.05.2012,1,12,13,42
923,08.05.2012,2,14,16,53
924,09.05.2012,2,15,17,50
925,10.05.2012,1,11,13,50
926,11.05.2012,1,10,12,55
927,12.05.2012,0,2,3,86
928,13.05.2012,0,5,5,63
929,14.05.2012,3,12,16,59
930,15.05.2012,1,11,13,63
931,16.05.2012,0,6,6,66
932,17.05.2012,0,5,5,68
933,18.05.2012,2,15,18,62
934,19.05.2012,1,13,14,88
935,20.05.2012,0,7,8,99
936,21.05.2012,0,7,8,95
937,22.05.2012,0,7,7,97
938,23.05.2012,0,4,4,93
939,24.05.2012,0,3,3,91
940,25.05.2012,0,4,5,90
941,26.05.2012,0,4,5,88
942,27.05.2012,0,4,4,85
943,28.05.2012,0,6,6,77
944,29.05.2012,0,7,8,84
945,30.05.2012,0,6,7,68
946,31.05.2012,0,10,10,65
947,01.06.2012,0,5,5,72
948,02.06.2012,0,5,6,72
949,03.06.2012,0,6,7,60
950,04.06.2012,0,6,7,51
951,05.06.2012,1,6,7,58
952,06.06.2012,3,13,18,47
953,07.06.2012,2,11,14,49
954,08.06.2012,0,7,8,66
955,09.06.2012,0,7,7,71
956,10.06.2012,0,7,8,72
957,11.06.2012,1,11,11,76
958,12.06.2012,0,12,12,63
959,13.06.2012,1,8,9,59
960,14.06.2012,1,7,8,65
961,15.06.2012,2,13,16,68
962,16.06.2012,1,12,14,41
963,17.06.2012,0,3,3,63
964,18.06.2012,1,12,13,81
965,19.06.2012,1,6,7,83
966,20.06.2012,0,5,5,55
967,21.06.2012,0,6,6,47
968,22.06.2012,1,6,7,60
969,23.06.2012,0,7,8,64
970,24.06.2012,1,6,7,62
971,25.06.2012,0,4,4,68
972,26.06.2012,0,4,4,71
973,27.06.2012,0,8,9,57
974,28.06.2012,1,7,9,38
975,29.06.2012,1,13,14,68
976,30.06.2012,1,7,9,56
977,01.07.2012,1,5,6,68
978,02.07.2012,1,8,9,54
979,03.07.2012,0,6,7,47
980,04.07.2012,0,4,5,62
981,05.07.2012,1,5,6,53
982,06.07.2012,1,9,10,66
983,07.07.2012,1,8,9,41
984,08.07.2012,2,10,12,51
985,09.07.2012,0,5,5,65
986,10.07.2012,0,7,7,66
987,11.07.2012,1,7,8,54
988,12.07.2012,0,5,6,50
989,13.07.2012,2,16,20,27
990,14.07.2012,0,8,9,40
991,15.07.2012,0,6,6,44
992,16.07.2012,0,6,7,52
993,17.07.2012,1,6,7,43
994,18.07.2012,1,9,10,26
995,19.07.2012,1,7,7,46
996,20.07.2012,0,4,5,59
997,21.07.2012,0,6,6,48
998,22.07.2012,0,6,6,49
999,23.07.2012,2,12,15,51
1000,24.07.2012,1,9,10,80
1001,25.07.2012,1,11,12,95
1002,26.07.2012,2,11,14,79
1003,27.07.2012,0,7,8,108
1004,28.07.2012,0,6,7,83
1005,29.07.2012,0,4,4,57
1006,30.07.2012,1,7,9,54
1007,31.07.2012,0,7,8,47
1008,01.08.2012,1,13,14,61
1009,02.08.2012,1,11,12,81
1010,03.08.2012,1,8,9,33
1011,04.08.2012,1,10,12,47
1012,05.08.2012,1,7,8,28
1013,06.08.2012,1,8,9,46
1014,07.08.2012,0,6,6,63
1015,08.08.2012,0,6,6,62
1016,09.08.2012,1,8,10,43
1017,10.08.2012,1,8,10,43
1018,11.08.2012,0,5,5,42
1019,12.08.2012,0,3,4,50
1020,13.08.2012,1,6,8,46
1021,14.08.2012,1,5,6,49
1022,15.08.2012,1,5,6,53
1023,16.08.2012,2,10,14,33
1024,17.08.2012,3,10,14,37
1025,18.08.2012,2,13,15,52
1026,19.08.2012,1,13,14,71
1027,20.08.2012,2,20,23,54
1028,21.08.2012,3,7,11,63
1029,22.08.2012,6,12,21,65
1030,23.08.2012,1,9,10,55
1031,24.08.2012,2,18,21,32
1032,25.08.2012,1,8,9,54
1033,26.08.2012,0,5,5,54
1034,27.08.2012,1,7,8,56
1035,28.08.2012,3,21,25,33
1036,29.08.2012,1,14,17,49
1037,30.08.2012,1,18,20,41
1038,31.08.2012,1,10,12,36
1039,01.09.2012,1,9,10,42
1040,02.09.2012,2,7,9,36
1041,03.09.2012,4,16,22,42
1042,04.09.2012,3,9,15,38
1043,05.09.2012,2,14,18,40
1044,06.09.2012,0,7,8,59
1045,07.09.2012,1,11,12,47
1046,08.09.2012,1,6,7,33
1047,09.09.2012,1,6,8,34
1048,10.09.2012,2,17,21,48
1049,11.09.2012,3,20,24,57
1050,12.09.2012,1,9,9,46
1051,13.09.2012,2,13,16,39
1052,14.09.2012,1,11,13,45
1053,15.09.2012,0,7,7,42
1054,16.09.2012,0,12,12,43
1055,17.09.2012,1,16,18,40
1056,18.09.2012,9,15,28,40
1057,19.09.2012,0,10,10,40
1058,20.09.2012,1,12,14,31
1059,21.09.2012,8,22,35,30
1060,22.09.2012,1,13,14,44
1061,23.09.2012,1,8,10,36
1062,24.09.2012,1,13,14,32
1063,25.09.2012,2,17,20,27
1064,26.09.2012,2,19,21,27
1065,27.09.2012,0,10,11,39
1066,28.09.2012,0,9,10,46
1067,29.09.2012,1,15,17,36
1068,30.09.2012,1,10,12,40
1069,01.10.2012,14,32,54,12
1070,02.10.2012,11,24,40,21
1071,03.10.2012,3,15,18,37
1072,04.10.2012,1,14,15,46
1073,05.10.2012,1,14,16,37
1074,06.10.2012,1,9,10,43
1075,07.10.2012,0,5,6,43
1076,08.10.2012,0,9,9,42
1077,09.10.2012,1,12,14,40
1078,10.10.2012,1,11,12,32
1079,11.10.2012,1,13,15,23
1080,12.10.2012,2,19,22,24
1081,13.10.2012,1,13,13,31
1082,14.10.2012,1,12,13,32
1083,15.10.2012,3,15,20,24
1084,16.10.2012,7,22,33,19
1085,17.10.2012,5,25,32,23
1086,18.10.2012,5,30,38,17
1087,19.10.2012,6,27,36,12
1088,20.10.2012,13,26,45,4
1089,21.10.2012,5,12,20,19
1090,22.10.2012,0,8,8,29
1091,23.10.2012,1,12,13,15
1092,24.10.2012,4,15,22,15
1093,25.10.2012,0,7,7,45
1094,26.10.2012,2,17,20,38
1095,27.10.2012,1,7,8,42
1096,28.10.2012,1,11,13,30
1097,29.10.2012,24,26,63,23
1098,30.10.2012,5,28,35,11
1099,31.10.2012,9,29,43,12
1100,01.11.2012,1,26,28,20
1101,02.11.2012,1,18,19,34
1102,03.11.2012,0,14,14,40
1103,04.11.2012,1,12,12,38
1104,05.11.2012,1,12,13,36
1105,06.11.2012,0,10,10,44
1106,07.11.2012,0,10,10,48
1107,08.11.2012,0,13,13,39
1108,09.11.2012,1,22,24,26
1109,10.11.2012,1,26,28,19
1110,11.11.2012,1,15,17,25
1111,12.11.2012,1,22,24,19
1112,13.11.2012,15,28,51,11
1113,14.11.2012,22,34,68,4
1114,15.11.2012,20,35,66,2
1115,16.11.2012,17,30,56,2
1116,17.11.2012,6,25,35,6
1117,18.11.2012,9,23,36,3
1118,19.11.2012,5,19,28,5
1119,20.11.2012,16,32,56,4
1120,21.11.2012,3,28,33,8
1121,22.11.2012,7,23,34,15
1122,23.11.2012,29,34,78,3
1123,24.11.2012,2,17,21,11
1124,25.11.2012,2,17,20,18
1125,26.11.2012,3,26,30,25
1126,27.11.2012,11,23,40,7
1127,28.11.2012,36,24,78,8
1128,29.11.2012,0,7,7,27
1129,30.11.2012,1,13,14,17
1130,01.12.2012,2,27,31,7
1131,02.12.2012,6,28,36,6
1132,03.12.2012,2,21,25,24
1133,04.12.2012,1,17,18,33
1134,05.12.2012,1,14,15,35
1135,06.12.2012,6,29,38,19
1136,07.12.2012,28,40,83,4
1137,08.12.2012,19,38,67,3
1138,09.12.2012,3,30,34,17
1139,10.12.2012,3,25,30,17
1140,11.12.2012,0,11,12,46
1141,12.12.2012,13,35,56,21
1142,13.12.2012,17,44,71,2
1143,14.12.2012,2,35,38,16
1144,15.12.2012,11,36,52,16
1145,16.12.2012,12,35,54,3
1146,17.12.2012,36,37,92,2
1147,18.12.2012,12,26,45,2
1148,19.12.2012,11,21,38,1
1149,20.12.2012,3,19,24,12
1150,21.12.2012,1,16,17,26
1151,22.12.2012,1,16,17,21
1152,23.12.2012,7,28,39,7
1153,24.12.2012,8,29,41,14
1154,25.12.2012,1,8,9,41
1155,26.12.2012,0,6,6,50
1156,27.12.2012,0,11,12,50
1157,28.12.2012,1,18,19,44
1158,29.12.2012,1,21,23,27
1159,30.12.2012,0,12,12,46
1160,31.12.2012,0,7,7,61
1161,01.01.2013,0,10,10,50
1162,02.01.2013,0,8,8,50
1163,03.01.2013,0,8,8,41
1164,04.01.2013,0,6,6,54
1165,05.01.2013,0,6,7,50
1166,06.01.2013,0,6,6,43
1167,07.01.2013,1,20,22,21
1168,08.01.2013,6,24,33,7
1169,09.01.2013,4,25,32,10
1170,10.01.2013,0,7,7,58
1171,11.01.2013,0,10,10,42
1172,12.01.2013,0,12,13,28
1173,13.01.2013,0,8,8,33
1174,14.01.2013,1,22,23,20
1175,15.01.2013,5,28,35,12
1176,16.01.2013,1,14,15,28
1177,17.01.2013,1,8,9,45
1178,18.01.2013,0,7,7,57
1179,19.01.2013,0,5,5,62
1180,20.01.2013,0,6,6,57
1181,21.01.2013,0,5,6,68
1182,22.01.2013,0,8,8,61
1183,23.01.2013,1,18,20,37
1184,24.01.2013,0,25,26,25
1185,25.01.2013,13,40,60,20
1186,26.01.2013,2,28,31,39
1187,27.01.2013,2,28,30,24
1188,28.01.2013,5,26,33,25
1189,29.01.2013,2,19,21,36
1190,30.01.2013,1,11,12,45
1191,31.01.2013,0,6,6,65
1192,01.02.2013,0,12,13,52
1193,02.02.2013,1,7,7,52
1194,03.02.2013,0,7,7,53
1195,04.02.2013,1,12,13,53
1196,05.02.2013,0,10,10,64
1197,06.02.2013,1,16,17,51
1198,07.02.2013,0,14,15,38
1199,08.02.2013,1,12,13,34
1200,09.02.2013,1,17,18,36
1201,10.02.2013,1,17,19,47
1202,11.02.2013,1,10,11,44
1203,12.02.2013,1,11,12,45
1204,13.02.2013,1,13,14,46
1205,14.02.2013,1,17,19,42
1206,15.02.2013,2,22,24,30
1207,16.02.2013,3,20,24,8
1208,17.02.2013,0,8,8,35
1209,18.02.2013,1,16,18,43
1210,19.02.2013,1,9,10,44
1211,20.02.2013,0,4,4,75
1212,21.02.2013,0,8,8,66
1213,22.02.2013,0,9,10,70
1214,23.02.2013,1,7,7,71
1215,24.02.2013,1,7,9,41
1216,25.02.2013,1,9,10,39
1217,26.02.2013,0,7,8,38
1218,27.02.2013,1,8,9,36
1219,28.02.2013,4,19,24,29
1220,01.03.2013,1,17,18,47
1221,02.03.2013,1,12,13,47
1222,03.03.2013,0,10,10,65
1223,04.03.2013,2,21,25,41
1224,05.03.2013,3,30,34,49
1225,06.03.2013,8,38,50,35
1226,07.03.2013,0,10,10,70
1227,08.03.2013,0,5,6,67
1228,09.03.2013,0,5,5,62
1229,10.03.2013,0,5,6,70
1230,11.03.2013,1,7,8,74
1231,12.03.2013,0,7,8,79
1232,13.03.2013,1,20,22,70
1233,14.03.2013,8,36,49,47
1234,15.03.2013,1,21,23,57
1235,16.03.2013,4,24,30,60
1236,17.03.2013,1,7,8,90
1237,18.03.2013,0,10,11,88
1238,19.03.2013,0,10,10,88
1239,20.03.2013,0,10,10,82
1240,21.03.2013,1,11,13,81
1241,22.03.2013,0,6,7,84
1242,23.03.2013,0,4,5,79
1243,24.03.2013,0,7,8,85
1244,25.03.2013,0,6,6,92
1245,26.03.2013,0,7,8,94
1246,27.03.2013,1,8,9,99
1247,28.03.2013,0,8,9,106
1248,29.03.2013,1,9,10,91
1249,30.03.2013,0,6,7,94
1250,31.03.2013,0,3,3,100
1251,01.04.2013,0,5,5,99
1252,02.04.2013,0,7,8,91
1253,03.04.2013,0,9,9,96
1254,04.04.2013,0,6,6,95
1255,05.04.2013,1,6,7,79
1256,06.04.2013,0,5,6,91
1257,07.04.2013,1,14,15,72
1258,08.04.2013,1,14,16,70
1259,09.04.2013,0,9,9,85
1260,10.04.2013,0,13,13,66
1261,11.04.2013,4,29,36,22
1262,12.04.2013,6,20,29,38
1263,13.04.2013,0,8,8,63
1264,14.04.2013,1,11,12,61
1265,15.04.2013,1,15,16,80
1266,16.04.2013,2,21,24,55
1267,17.04.2013,1,16,17,56
1268,18.04.2013,1,19,21,64
1269,19.04.2013,0,11,11,76
1270,20.04.2013,0,4,5,74
1271,21.04.2013,0,6,6,74
1272,22.04.2013,1,15,16,63
1273,23.04.2013,1,12,13,60
1274,24.04.2013,1,10,11,72
1275,25.04.2013,1,9,10,60
1276,26.04.2013,1,10,11,84
1277,27.04.2013,0,4,4,71
1278,28.04.2013,0,6,7,74
1279,29.04.2013,1,12,13,63
1280,30.04.2013,1,11,12,68
1281,01.05.2013,0,5,5,76
1282,02.05.2013,0,8,7,74
1283,03.05.2013,0,4,5,93
1284,04.05.2013,1,9,10,82
1285,05.05.2013,0,6,7,75
1286,06.05.2013,1,9,11,74
1287,07.05.2013,1,6,7,73
1288,08.05.2013,2,12,14,59
1289,09.05.2013,0,10,10,44
1290,10.05.2013,2,10,12,44
1291,11.05.2013,1,8,10,49
1292,12.05.2013,1,6,7,52
1293,13.05.2013,1,8,10,51
1294,14.05.2013,1,10,12,53
1295,15.05.2013,2,8,10,76
1296,16.05.2013,1,8,10,90
1297,17.05.2013,0,6,7,74
1298,18.05.2013,1,8,9,38
1299,19.05.2013,0,5,6,70
1300,20.05.2013,0,5,5,59
1301,21.05.2013,1,8,9,54
1302,22.05.2013,1,11,12,49
1303,23.05.2013,0,9,10,65
1304,24.05.2013,1,15,16,51
1305,25.05.2013,1,11,12,51
1306,26.05.2013,1,8,9,44
1307,27.05.2013,1,11,12,42
1308,28.05.2013,1,12,13,40
1309,29.05.2013,1,17,18,44
1310,30.05.2013,1,9,11,61
1311,31.05.2013,1,6,7,62
1312,01.06.2013,0,7,7,55
1313,02.06.2013,0,5,6,58
1314,03.06.2013,0,6,7,60
1315,04.06.2013,0,9,9,51
1316,05.06.2013,1,7,9,51
1317,06.06.2013,0,7,8,62
1318,07.06.2013,1,8,9,58
1319,08.06.2013,1,9,9,71
1320,09.06.2013,0,6,6,72
1321,10.06.2013,0,6,6,63
1322,11.06.2013,2,13,16,48
1323,12.06.2013,1,15,16,70
1324,13.06.2013,1,15,16,53
1325,14.06.2013,0,8,9,52
1326,15.06.2013,2,11,15,53
1327,16.06.2013,1,8,9,57
1328,17.06.2013,0,10,10,68
1329,18.06.2013,0,8,9,81
1330,19.06.2013,1,10,11,85
1331,20.06.2013,1,7,8,95
1332,21.06.2013,1,9,11,63
1333,22.06.2013,0,10,10,60
1334,23.06.2013,1,9,10,52
1335,24.06.2013,0,10,11,48
1336,25.06.2013,1,10,11,41
1337,26.06.2013,0,8,8,51
1338,27.06.2013,0,9,10,47
1339,28.06.2013,2,11,13,35
1340,29.06.2013,1,6,7,45
1341,30.06.2013,1,3,5,47
1342,01.07.2013,1,10,12,53
1343,02.07.2013,1,9,10,56
1344,03.07.2013,1,10,11,72
1345,04.07.2013,1,8,9,46
1346,05.07.2013,2,9,13,29
1347,06.07.2013,0,5,5,56
1348,07.07.2013,0,4,4,55
1349,08.07.2013,3,7,12,63
1350,09.07.2013,0,7,7,67
1351,10.07.2013,1,10,11,53
1352,11.07.2013,0,6,7,53
1353,12.07.2013,1,9,10,43
1354,13.07.2013,1,8,9,55
1355,14.07.2013,0,5,5,61
1356,15.07.2013,1,7,7,59
1357,16.07.2013,1,10,11,52
1358,17.07.2013,1,6,8,55
1359,18.07.2013,2,7,10,53
1360,19.07.2013,0,7,8,55
1361,20.07.2013,0,3,4,57
1362,21.07.2013,0,6,7,65
1363,22.07.2013,1,7,8,72
1364,23.07.2013,0,5,5,69
1365,24.07.2013,1,8,10,65
1366,25.07.2013,1,9,10,97
1367,26.07.2013,1,13,15,93
1368,27.07.2013,1,9,10,99
1369,28.07.2013,1,9,10,84
1370,29.07.2013,1,9,10,47
1371,30.07.2013,1,7,8,54
1372,31.07.2013,1,10,11,54
1373,01.08.2013,1,11,12,45
1374,02.08.2013,2,17,19,71
1375,03.08.2013,1,14,16,86
1376,04.08.2013,0,4,5,68
1377,05.08.2013,1,8,9,61
1378,06.08.2013,2,15,18,51
1379,07.08.2013,0,7,7,61
1380,08.08.2013,0,8,9,56
1381,09.08.2013,0,8,8,46
1382,10.08.2013,1,8,9,45
1383,11.08.2013,0,6,6,49
1384,12.08.2013,1,8,9,49
1385,13.08.2013,1,8,9,44
1386,14.08.2013,1,7,7,42
1387,15.08.2013,1,10,12,47
1388,16.08.2013,1,15,17,59
1389,17.08.2013,1,14,15,58
1390,18.08.2013,0,9,9,49
1391,19.08.2013,2,13,17,30
1392,20.08.2013,1,10,11,38
1393,21.08.2013,2,12,14,33
1394,22.08.2013,6,12,20,44
1395,23.08.2013,0,5,6,53
1396,24.08.2013,0,4,4,57
1397,25.08.2013,0,4,4,66
1398,26.08.2013,1,3,4,56
1399,27.08.2013,0,7,7,52
1400,28.08.2013,1,9,10,42
1401,29.08.2013,5,13,20,48
1402,30.08.2013,5,17,25,60
1403,31.08.2013,1,11,12,55
1404,01.09.2013,0,4,5,47
1405,02.09.2013,0,8,8,40
1406,03.09.2013,1,7,8,26
1407,04.09.2013,1,8,11,23
1408,05.09.2013,2,8,12,39
1409,06.09.2013,1,10,12,68
1410,07.09.2013,0,11,11,73
1411,08.09.2013,0,10,10,69
1412,09.09.2013,0,8,9,42
1413,10.09.2013,2,18,21,22
1414,11.09.2013,3,18,22,17
1415,12.09.2013,3,13,18,11
1416,13.09.2013,3,12,17,32
1417,14.09.2013,1,11,12,39
1418,15.09.2013,0,6,7,35
1419,16.09.2013,0,10,11,37
1420,17.09.2013,2,12,15,33
1421,18.09.2013,3,18,22,18
1422,19.09.2013,1,13,14,25
1423,20.09.2013,3,17,22,10
1424,21.09.2013,1,10,12,23
1425,22.09.2013,1,8,9,31
1426,23.09.2013,0,7,7,39
1427,24.09.2013,0,9,9,31
1428,25.09.2013,6,12,21,21
1429,26.09.2013,1,10,12,31
1430,27.09.2013,2,11,15,27
1431,28.09.2013,2,9,12,21
1432,29.09.2013,1,5,7,26
1433,30.09.2013,1,7,8,32
1434,01.10.2013,1,8,9,29
1435,02.10.2013,2,11,14,29
1436,03.10.2013,1,10,11,43
1437,04.10.2013,1,16,18,45
1438,05.10.2013,2,24,27,22
1439,06.10.2013,4,12,17,7
1440,07.10.2013,6,12,21,10
1441,08.10.2013,8,19,32,15
1442,09.10.2013,2,18,21,19
1443,10.10.2013,2,13,16,29
1444,11.10.2013,0,8,9,37
1445,12.10.2013,1,9,10,28
1446,13.10.2013,1,11,13,23
1447,14.10.2013,8,20,31,18
1448,15.10.2013,3,23,28,13
1449,16.10.2013,2,14,17,21
1450,17.10.2013,3,13,18,32
1451,18.10.2013,1,8,9,44
1452,19.10.2013,2,18,21,24
1453,20.10.2013,3,10,15,17
1454,21.10.2013,3,14,17,31
1455,22.10.2013,11,24,41,18
1456,23.10.2013,2,23,26,26
1457,24.10.2013,2,15,17,29
1458,25.10.2013,14,28,50,7
1459,26.10.2013,3,18,22,15
1460,27.10.2013,1,7,8,47
1461,28.10.2013,0,10,10,55
1462,29.10.2013,0,10,11,53
1463,30.10.2013,1,18,20,33
1464,31.10.2013,6,28,38,20
1465,01.11.2013,2,24,27,24
1466,02.11.2013,1,18,19,17
1467,03.11.2013,1,11,12,37
1468,04.11.2013,1,15,16,43
1469,05.11.2013,0,14,15,37
1470,06.11.2013,1,16,17,33
1471,07.11.2013,1,17,18,25
1472,08.11.2013,3,21,25,17
1473,09.11.2013,0,13,13,38
1474,10.11.2013,0,10,10,44
1475,11.11.2013,5,16,23,19
1476,12.11.2013,17,32,58,10
1477,13.11.2013,1,20,22,24
1478,14.11.2013,14,27,48,9
1479,15.11.2013,0,11,11,33
1480,16.11.2013,0,13,14,28
1481,17.11.2013,3,16,20,12
1482,18.11.2013,4,23,30,12
1483,19.11.2013,9,26,40,5
1484,20.11.2013,2,14,17,26
1485,21.11.2013,2,13,16,29
1486,22.11.2013,0,10,11,21
1487,23.11.2013,0,8,8,19
1488,24.11.2013,0,9,9,34
1489,25.11.2013,3,25,29,26
1490,26.11.2013,7,28,40,21
1491,27.11.2013,5,32,39,12
1492,28.11.2013,0,15,15,42
1493,29.11.2013,1,15,16,38
1494,30.11.2013,0,8,8,43
1495,01.12.2013,0,7,7,43
1496,02.12.2013,19,28,58,7
1497,03.12.2013,6,28,37,5
1498,04.12.2013,9,34,48,7
1499,05.12.2013,0,11,11,47
1500,06.12.2013,0,3,4,65
1501,07.12.2013,0,4,5,56
1502,08.12.2013,1,13,14,35
1503,09.12.2013,0,13,13,37
1504,10.12.2013,1,16,18,19
1505,11.12.2013,1,16,17,25
1506,12.12.2013,13,27,46,12
1507,13.12.2013,11,32,49,3
1508,14.12.2013,8,27,40,6
1509,15.12.2013,0,15,15,25
1510,16.12.2013,5,33,41,13
1511,17.12.2013,19,38,67,9
1512,18.12.2013,35,42,96,2
1513,19.12.2013,6,40,49,6
1514,20.12.2013,17,25,51,11
1515,21.12.2013,0,14,14,40
1516,22.12.2013,0,9,9,46
1517,23.12.2013,1,16,17,46
1518,24.12.2013,1,14,14,42
1519,25.12.2013,1,20,22,26
1520,26.12.2013,0,11,11,20
1521,27.12.2013,0,11,12,41
1522,28.12.2013,1,18,18,32
1523,29.12.2013,1,11,12,40
1524,30.12.2013,1,21,23,24
1525,31.12.2013,2,28,31,18
1526,01.01.2014,3,29,34,9
1527,02.01.2014,1,25,27,
1528,03.01.2014,2,23,26,
1529,04.01.2014,1,16,18,39
1530,05.01.2014,1,12,13,29
1531,06.01.2014,0,26,26,27
1532,07.01.2014,1,21,23,31
1533,08.01.2014,2,21,24,24
1534,09.01.2014,3,21,25,27
1535,10.01.2014,0,8,8,56
1536,11.01.2014,0,10,10,46
1537,12.01.2014,0,5,6,57
1538,13.01.2014,6,27,37,13
1539,14.01.2014,15,22,45,3
1540,15.01.2014,2,18,20,15
1541,16.01.2014,0,22,22,15
1542,17.01.2014,14,33,55,4
1543,18.01.2014,9,22,36,14
1544,19.01.2014,0,9,10,24
1545,20.01.2014,1,9,10,21
1546,21.01.2014,1,11,13,21
1547,22.01.2014,1,12,14,22
1548,23.01.2014,1,15,15,35
1549,24.01.2014,1,16,17,44
1550,25.01.2014,1,16,18,46
1551,26.01.2014,1,12,13,46
1552,27.01.2014,1,30,32,21
1553,28.01.2014,2,25,28,24
1554,29.01.2014,0,13,14,40
1555,30.01.2014,1,15,17,36
1556,31.01.2014,6,28,38,28
1557,01.02.2014,6,30,39,24
1558,02.02.2014,8,27,40,5
1559,03.02.2014,3,17,21,20
1560,04.02.2014,2,33,36,29
1561,05.02.2014,2,32,35,23
1562,06.02.2014,1,26,28,26
1563,07.02.2014,2,24,27,35
1564,08.02.2014,1,16,17,46
1565,09.02.2014,0,10,10,56
1566,10.02.2014,3,21,27,45
1567,11.02.2014,1,17,18,37
1568,12.02.2014,1,22,24,35
1569,13.02.2014,1,19,21,42
1570,14.02.2014,1,18,19,42
1571,15.02.2014,1,19,20,42
1572,16.02.2014,0,8,8,58
1573,17.02.2014,1,16,18,41
1574,18.02.2014,12,34,52,11
1575,19.02.2014,5,29,36,12
1576,20.02.2014,4,24,30,23
1577,21.02.2014,1,21,23,31
1578,22.02.2014,1,14,15,40
1579,23.02.2014,1,15,16,39
1580,24.02.2014,3,24,28,42
1581,25.02.2014,3,27,32,34
1582,26.02.2014,13,42,62,11
1583,27.02.2014,29,44,88,3
1584,28.02.2014,8,29,41,11
1585,01.03.2014,6,18,27,26
1586,02.03.2014,1,15,17,28
1587,03.03.2014,1,13,14,42
1588,04.03.2014,2,18,21,20
1589,05.03.2014,8,24,36,9
1590,06.03.2014,3,20,25,15
1591,07.03.2014,14,34,56,20
1592,08.03.2014,1,17,18,43
1593,09.03.2014,2,24,27,38
1594,10.03.2014,4,37,43,43
1595,11.03.2014,0,11,11,55
1596,12.03.2014,2,16,19,48
1597,13.03.2014,11,45,63,31
1598,14.03.2014,5,29,36,36
1599,15.03.2014,0,6,6,69
1600,16.03.2014,0,2,3,67
1601,17.03.2014,1,6,7,59
1602,18.03.2014,1,10,11,43
1603,19.03.2014,0,10,10,51
1604,20.03.2014,1,18,20,58
1605,21.03.2014,1,11,12,71
1606,22.03.2014,1,12,14,46
1607,23.03.2014,0,9,9,53
1608,24.03.2014,2,16,19,41
1609,25.03.2014,5,16,24,35
1610,26.03.2014,2,11,15,49
1611,27.03.2014,0,6,7,62
1612,28.03.2014,0,7,7,32
1613,29.03.2014,1,5,6,40
1614,30.03.2014,0,5,5,71
1615,31.03.2014,4,11,16,71
1616,01.04.2014,2,12,14,54
1617,02.04.2014,1,14,15,66
1618,03.04.2014,3,16,21,65
1619,04.04.2014,0,7,8,72
1620,05.04.2014,1,10,10,55
1621,06.04.2014,1,10,11,58
1622,07.04.2014,1,11,13,42
1623,08.04.2014,2,11,13,58
1624,09.04.2014,0,4,5,75
1625,10.04.2014,1,5,6,56
1626,11.04.2014,4,19,25,32
1627,12.04.2014,1,9,10,50
1628,13.04.2014,1,5,6,64
1629,14.04.2014,1,4,5,73
1630,15.04.2014,0,6,6,62
1631,16.04.2014,1,8,9,51
1632,17.04.2014,5,20,28,51
1633,18.04.2014,0,6,6,67
1634,19.04.2014,0,6,6,62
1635,20.04.2014,0,4,4,80
1636,21.04.2014,0,4,5,71
1637,22.04.2014,1,11,13,58
1638,23.04.2014,3,9,13,54
1639,24.04.2014,1,7,8,48
1640,25.04.2014,1,7,7,73
1641,26.04.2014,1,6,7,72
1642,27.04.2014,0,4,4,66
1643,28.04.2014,0,4,5,77
1644,29.04.2014,1,7,7,82
1645,30.04.2014,1,8,9,89
1646,01.05.2014,0,11,11,75
1647,02.05.2014,0,4,4,48
1648,03.05.2014,0,4,4,60
1649,04.05.2014,0,7,7,65
1650,05.05.2014,3,11,15,58
1651,06.05.2014,1,17,18,67
1652,07.05.2014,1,10,11,63
1653,08.05.2014,1,8,9,54
1654,09.05.2014,0,7,8,63
1655,10.05.2014,0,7,7,78
1656,11.05.2014,1,5,5,68
1657,12.05.2014,1,5,7,59
1658,13.05.2014,0,5,6,71
1659,14.05.2014,0,6,7,65
1660,15.05.2014,0,6,6,60
1661,16.05.2014,0,3,4,78
1662,17.05.2014,0,3,3,75
1663,18.05.2014,0,6,7,47
1664,19.05.2014,1,11,12,38
1665,20.05.2014,2,13,16,59
1666,21.05.2014,1,12,14,87
1667,22.05.2014,0,9,9,95
1668,23.05.2014,1,12,13,65
1669,24.05.2014,1,6,7,61
1670,25.05.2014,0,7,8,77
1671,26.05.2014,0,5,5,84
1672,27.05.2014,0,4,5,67
1673,28.05.2014,0,3,3,38
1674,29.05.2014,0,3,3,41
1675,30.05.2014,2,8,11,48
1676,31.05.2014,0,6,7,72
1677,01.06.2014,0,4,5,75
1678,02.06.2014,1,5,6,63
1679,03.06.2014,1,8,9,51
1680,04.06.2014,1,11,13,63
1681,05.06.2014,1,6,8,59
1682,06.06.2014,3,13,17,64
1683,07.06.2014,1,12,14,83
1684,08.06.2014,0,11,12,84
1685,09.06.2014,0,4,4,87
1686,10.06.2014,0,8,8,90
1687,11.06.2014,1,11,12,55
1688,12.06.2014,0,6,6,64
1689,13.06.2014,0,7,8,50
1690,14.06.2014,0,3,3,50
1691,15.06.2014,0,5,5,49
1692,16.06.2014,1,6,6,56
1693,17.06.2014,1,6,7,55
1694,18.06.2014,1,6,8,60
1695,19.06.2014,1,3,4,50
1696,20.06.2014,0,2,2,56
1697,21.06.2014,1,3,4,48
1698,22.06.2014,0,2,2,60
1699,23.06.2014,0,4,4,72
1700,24.06.2014,1,6,7,42
1701,25.06.2014,1,8,9,27
1702,26.06.2014,1,8,10,33
1703,27.06.2014,3,14,19,44
1704,28.06.2014,0,9,10,66
1705,29.06.2014,1,5,6,47
1706,30.06.2014,1,6,8,50
1707,01.07.2014,1,7,8,50
1708,02.07.2014,1,7,7,54
1709,03.07.2014,1,7,9,65
1710,04.07.2014,1,18,20,91
1711,05.07.2014,0,11,11,87
1712,06.07.2014,1,5,7,58
1713,07.07.2014,0,6,7,52
1714,08.07.2014,1,8,9,45
1715,09.07.2014,1,7,8,49
1716,10.07.2014,1,6,8,53
1717,11.07.2014,0,3,3,51
1718,12.07.2014,0,4,4,40
1719,13.07.2014,0,7,8,41
1720,14.07.2014,1,9,10,55
1721,15.07.2014,0,6,6,66
1722,16.07.2014,1,11,13,56
1723,17.07.2014,1,10,11,68
1724,18.07.2014,0,10,11,72
1725,19.07.2014,0,6,6,88
1726,20.07.2014,0,7,7,89
1727,21.07.2014,0,4,4,91
1728,22.07.2014,0,3,3,83
1729,23.07.2014,0,3,2,75
1730,24.07.2014,0,5,6,53
1731,25.07.2014,1,7,8,49
1732,26.07.2014,1,10,11,58
1733,27.07.2014,0,11,11,67
1734,28.07.2014,1,8,9,65
1735,29.07.2014,1,6,7,69
1736,30.07.2014,1,10,11,51
1737,31.07.2014,0,5,6,55
1738,01.08.2014,2,9,12,48
1739,02.08.2014,1,8,9,70
1740,03.08.2014,2,8,10,60
1741,04.08.2014,1,9,10,57
1742,05.08.2014,2,10,13,52
1743,06.08.2014,1,9,10,54
1744,07.08.2014,3,18,22,43
1745,08.08.2014,1,11,13,58
1746,09.08.2014,0,10,10,60
1747,10.08.2014,1,8,9,52
1748,11.08.2014,0,4,5,62
1749,12.08.2014,0,9,9,53
1750,13.08.2014,1,10,11,60
1751,14.08.2014,0,7,7,56
1752,15.08.2014,1,8,9,51
1753,16.08.2014,0,6,6,48
1754,17.08.2014,0,5,5,63
1755,18.08.2014,0,5,6,65
1756,19.08.2014,0,6,6,55
1757,20.08.2014,0,6,6,52
1758,21.08.2014,1,8,10,48
1759,22.08.2014,2,15,19,45
1760,23.08.2014,1,6,7,64
1761,24.08.2014,0,5,6,58
1762,25.08.2014,1,7,8,57
1763,26.08.2014,2,13,16,52
1764,27.08.2014,3,15,20,46
1765,28.08.2014,2,14,17,60
1766,29.08.2014,3,24,29,27
1767,30.08.2014,1,8,10,34
1768,31.08.2014,1,7,9,24
1769,01.09.2014,1,9,11,26
1770,02.09.2014,0,6,6,36
1771,03.09.2014,1,6,6,42
1772,04.09.2014,1,7,8,57
1773,05.09.2014,1,11,12,65
1774,06.09.2014,1,11,12,69
1775,07.09.2014,0,10,11,64
1776,08.09.2014,0,10,10,55
1777,09.09.2014,1,8,9,54
1778,10.09.2014,0,8,8,48
1779,11.09.2014,0,8,8,34
1780,12.09.2014,0,4,4,59
1781,13.09.2014,0,4,4,52
1782,14.09.2014,1,6,7,38
1783,15.09.2014,0,8,9,59
1784,16.09.2014,0,11,11,65
1785,17.09.2014,1,13,14,58
1786,18.09.2014,1,14,15,61
1787,19.09.2014,4,22,28,22
1788,20.09.2014,3,20,24,14
1789,21.09.2014,0,7,8,42
1790,22.09.2014,0,6,7,53
1791,23.09.2014,2,11,14,38
1792,24.09.2014,7,21,31,27
1793,25.09.2014,1,10,11,37
1794,26.09.2014,1,13,14,30
1795,27.09.2014,1,8,9,34
1796,28.09.2014,8,14,26,21
1797,29.09.2014,5,15,22,18
1798,30.09.2014,3,11,16,14
1799,01.10.2014,3,13,17,19
1800,02.10.2014,15,15,38,17
1801,03.10.2014,1,12,14,33
1802,04.10.2014,1,10,11,46
1803,05.10.2014,1,10,11,44
1804,06.10.2014,1,11,13,45
1805,07.10.2014,1,19,20,39
1806,08.10.2014,2,16,20,32
1807,09.10.2014,5,22,30,15
1808,10.10.2014,2,12,16,22
1809,11.10.2014,5,14,22,13
1810,12.10.2014,0,8,9,25
1811,13.10.2014,4,17,22,16
1812,14.10.2014,7,16,26,11
1813,15.10.2014,10,16,31,15
1814,16.10.2014,17,24,49,4
1815,17.10.2014,2,14,17,16
1816,18.10.2014,2,17,21,11
1817,19.10.2014,1,13,14,31
1818,20.10.2014,0,9,10,42
1819,21.10.2014,1,12,13,33
1820,22.10.2014,0,8,8,37
1821,23.10.2014,0,10,10,22
1822,24.10.2014,2,20,23,18
1823,25.10.2014,6,20,30,11
1824,26.10.2014,9,16,29,5
1825,27.10.2014,8,25,38,9
1826,28.10.2014,6,27,37,10
1827,29.10.2014,8,22,34,9
1828,30.10.2014,16,23,47,3
1829,31.10.2014,20,24,55,3
1830,01.11.2014,24,15,53,4
1831,02.11.2014,10,18,33,5
1832,03.11.2014,2,24,26,19
1833,04.11.2014,4,30,35,15
1834,05.11.2014,4,19,25,9
1835,06.11.2014,3,14,18,29
1836,07.11.2014,9,24,38,7
1837,08.11.2014,5,19,26,17
1838,09.11.2014,3,15,19,9
1839,10.11.2014,12,21,39,8
1840,11.11.2014,19,17,46,3
1841,12.11.2014,2,13,16,10
1842,13.11.2014,19,13,41,1
1843,14.11.2014,9,13,27,12
1844,15.11.2014,1,9,10,24
1845,16.11.2014,1,11,13,17
1846,17.11.2014,6,16,24,10
1847,18.11.2014,1,11,13,9
1848,19.11.2014,2,12,14,5
1849,20.11.2014,9,14,28,2
1850,21.11.2014,5,19,27,6
1851,22.11.2014,2,14,16,25
1852,23.11.2014,1,15,17,18
1853,24.11.2014,3,23,28,16
1854,25.11.2014,1,16,18,20
1855,26.11.2014,3,17,21,23
1856,27.11.2014,1,16,17,22
1857,28.11.2014,0,12,12,30
1858,29.11.2014,0,9,9,36
1859,30.11.2014,0,6,7,41
1860,01.12.2014,0,9,10,39
1861,02.12.2014,0,9,10,35
1862,03.12.2014,2,16,19,16
1863,04.12.2014,3,22,27,6
1864,05.12.2014,18,26,54,2
1865,06.12.2014,16,21,45,4
1866,07.12.2014,1,17,18,23
1867,08.12.2014,1,15,17,31
1868,09.12.2014,13,27,48,8
1869,10.12.2014,1,24,26,18
1870,11.12.2014,1,14,15,37
1871,12.12.2014,0,9,10,53
1872,13.12.2014,0,11,11,49
1873,14.12.2014,1,18,19,16
1874,15.12.2014,1,17,18,31
1875,16.12.2014,1,17,19,29
1876,17.12.2014,1,22,24,30
1877,18.12.2014,2,15,17,23
1878,19.12.2014,0,6,6,53
1879,20.12.2014,0,5,5,66
1880,21.12.2014,0,5,5,61
1881,22.12.2014,0,7,7,55
1882,23.12.2014,1,5,5,57
1883,24.12.2014,0,5,5,57
1884,25.12.2014,0,3,3,60
1885,26.12.2014,1,7,8,37
1886,27.12.2014,3,17,21,24
1887,28.12.2014,1,12,13,29
1888,29.12.2014,3,27,33,16
1889,30.12.2014,2,30,33,18
1890,31.12.2014,4,21,27,14
1891,01.01.2015,0,11,12,35
1892,02.01.2015,0,6,5,56
1893,03.01.2015,0,7,7,60
1894,04.01.2015,0,5,5,63
1895,05.01.2015,0,8,8,50
1896,06.01.2015,1,20,21,31
1897,07.01.2015,3,24,28,18
1898,08.01.2015,0,16,16,30
1899,09.01.2015,0,5,5,66
1900,10.01.2015,0,3,4,62
1901,11.01.2015,0,3,3,70
1902,12.01.2015,0,6,7,57
1903,13.01.2015,1,7,8,59
1904,14.01.2015,1,11,12,54
1905,15.01.2015,1,18,19,39
1906,16.01.2015,1,17,18,37
1907,17.01.2015,1,17,18,26
1908,18.01.2015,7,27,38,12
1909,19.01.2015,14,25,46,7
1910,20.01.2015,7,28,38,6
1911,21.01.2015,3,18,22,11
1912,22.01.2015,1,13,14,21
1913,23.01.2015,1,11,12,23
1914,24.01.2015,1,16,17,28
1915,25.01.2015,0,8,8,46
1916,26.01.2015,1,19,20,31
1917,27.01.2015,0,11,11,58
1918,28.01.2015,1,11,12,47
1919,29.01.2015,0,13,14,55
1920,30.01.2015,1,21,22,33
1921,31.01.2015,1,15,17,37
1922,01.02.2015,1,14,15,36
1923,02.02.2015,0,12,13,42
1924,03.02.2015,0,14,14,41
1925,04.02.2015,1,14,15,28
1926,05.02.2015,2,16,19,20
1927,06.02.2015,1,15,16,34
1928,07.02.2015,0,13,14,41
1929,08.02.2015,0,4,4,75
1930,09.02.2015,0,10,11,57
1931,10.02.2015,0,10,10,56
1932,11.02.2015,0,13,13,45
1933,12.02.2015,13,28,47,21
1934,13.02.2015,14,34,55,6
1935,14.02.2015,3,23,27,26
1936,15.02.2015,0,9,9,50
1937,16.02.2015,1,8,8,50
1938,17.02.2015,3,20,26,31
1939,18.02.2015,3,24,28,27
1940,19.02.2015,5,26,34,19
1941,20.02.2015,2,25,28,31
1942,21.02.2015,1,15,16,59
1943,22.02.2015,1,16,18,42
1944,23.02.2015,2,25,28,32
1945,24.02.2015,2,20,23,29
1946,25.02.2015,7,22,32,27
1947,26.02.2015,24,30,67,27
1948,27.02.2015,5,29,36,30
1949,28.02.2015,2,16,19,46
1950,01.03.2015,0,13,13,48
1951,02.03.2015,1,13,14,56
1952,03.03.2015,0,7,8,64
1953,04.03.2015,0,11,11,54
1954,05.03.2015,0,12,13,50
1955,06.03.2015,2,24,27,25
1956,07.03.2015,1,17,19,44
1957,08.03.2015,1,22,24,42
1958,09.03.2015,1,17,18,45
1959,10.03.2015,4,21,27,18
1960,11.03.2015,1,11,12,52
1961,12.03.2015,0,5,5,62
1962,13.03.2015,0,7,7,52
1963,14.03.2015,0,7,7,43
1964,15.03.2015,1,5,6,40
1965,16.03.2015,1,8,9,51
1966,17.03.2015,0,10,10,70
1967,18.03.2015,1,10,11,72
1968,19.03.2015,1,18,19,71
1969,20.03.2015,3,30,34,60
1970,21.03.2015,1,16,17,33
1971,22.03.2015,1,5,6,72
1972,23.03.2015,3,27,31,34
1973,24.03.2015,16,32,57,30
1974,25.03.2015,2,15,19,49
1975,26.03.2015,1,15,16,36
1976,27.03.2015,1,14,15,37
1977,28.03.2015,0,10,10,54
1978,29.03.2015,0,9,9,54
1979,30.03.2015,0,3,4,77
1980,31.03.2015,0,7,8,71
1981,01.04.2015,0,4,4,74
1982,02.04.2015,0,6,7,66
1983,03.04.2015,1,6,7,61
1984,04.04.2015,1,10,12,53
1985,05.04.2015,1,11,12,55
1986,06.04.2015,1,5,6,61
1987,07.04.2015,2,14,17,53
1988,08.04.2015,0,10,11,58
1989,09.04.2015,3,20,24,45
1990,10.04.2015,3,24,28,51
1991,11.04.2015,1,14,16,68
1992,12.04.2015,0,7,8,73
1993,13.04.2015,0,6,6,73
1994,14.04.2015,1,14,14,55
1995,15.04.2015,1,8,9,79
1996,16.04.2015,0,7,7,75
1997,17.04.2015,0,8,8,67
1998,18.04.2015,0,8,9,58
1999,19.04.2015,1,10,11,65
2000,20.04.2015,1,11,13,64
2001,21.04.2015,1,12,14,73
2002,22.04.2015,1,9,11,71
2003,23.04.2015,1,13,15,77
2004,24.04.2015,1,13,14,86
2005,25.04.2015,1,19,21,87
2006,26.04.2015,0,8,8,66
2007,27.04.2015,1,11,13,33
2008,28.04.2015,0,9,9,52
2009,29.04.2015,1,8,9,72
2010,30.04.2015,2,15,18,62
2011,01.05.2015,0,6,6,66
2012,02.05.2015,1,10,11,60
2013,03.05.2015,0,9,10,77
2014,04.05.2015,1,9,10,57
2015,05.05.2015,1,15,16,50
2016,06.05.2015,1,11,13,76
2017,07.05.2015,0,6,7,64
2018,08.05.2015,4,14,20,52
2019,09.05.2015,0,11,11,61
2020,10.05.2015,0,5,5,73
2021,11.05.2015,3,17,21,56
2022,12.05.2015,1,16,18,77
2023,13.05.2015,1,7,8,70
2024,14.05.2015,0,5,5,61
2025,15.05.2015,1,8,9,56
2026,16.05.2015,1,9,10,60
2027,17.05.2015,0,4,5,72
2028,18.05.2015,1,15,17,66
2029,19.05.2015,1,10,11,77
2030,20.05.2015,1,11,12,58
2031,21.05.2015,1,11,13,66
2032,22.05.2015,2,9,12,66
2033,23.05.2015,0,11,12,63
2034,24.05.2015,1,8,9,
2035,25.05.2015,,,,
2036,26.05.2015,0,6,7,
2037,27.05.2015,1,5,6,60
2038,28.05.2015,1,11,13,60
2039,29.05.2015,1,9,9,70
2040,30.05.2015,0,3,3,74
2041,31.05.2015,1,7,9,75
2042,01.06.2015,1,12,14,53
2043,02.06.2015,1,8,10,68
2044,03.06.2015,1,8,9,69
2045,04.06.2015,1,7,7,67
2046,05.06.2015,1,7,9,100
2047,06.06.2015,0,8,8,111
2048,07.06.2015,0,3,4,94
2049,08.06.2015,0,2,3,78
2050,09.06.2015,0,3,3,81
2051,10.06.2015,0,3,4,79
2052,11.06.2015,1,6,6,88
2053,12.06.2015,0,6,6,103
2054,13.06.2015,0,9,10,93
2055,14.06.2015,0,6,7,65
2056,15.06.2015,0,3,4,72
2057,16.06.2015,1,10,11,56
2058,17.06.2015,1,11,12,67
2059,18.06.2015,0,6,6,64
2060,19.06.2015,0,6,6,59
2061,20.06.2015,0,5,5,52
2062,21.06.2015,0,5,6,56
2063,22.06.2015,1,11,13,43
2064,23.06.2015,0,8,9,39
2065,24.06.2015,0,6,7,48
2066,25.06.2015,1,9,11,56
2067,26.06.2015,2,14,16,62
2068,27.06.2015,2,14,17,42
2069,28.06.2015,1,5,7,55
2070,29.06.2015,3,14,18,53
2071,30.06.2015,1,6,8,66
2072,01.07.2015,1,8,9,62
2073,02.07.2015,1,7,9,81
2074,03.07.2015,1,12,14,112
2075,04.07.2015,1,14,15,
2076,05.07.2015,,,,
2077,06.07.2015,1,6,7,
2078,07.07.2015,1,10,12,95
2079,08.07.2015,0,6,6,64
2080,09.07.2015,0,4,4,62
2081,10.07.2015,0,5,5,65
2082,11.07.2015,1,9,10,66
2083,12.07.2015,1,12,12,58
2084,13.07.2015,0,8,8,45
2085,14.07.2015,1,11,12,31
2086,15.07.2015,1,7,8,50
2087,16.07.2015,1,9,11,54
2088,17.07.2015,1,12,14,77
2089,18.07.2015,1,10,11,70
2090,19.07.2015,1,6,7,56
2091,20.07.2015,0,6,6,65
2092,21.07.2015,1,10,10,50
2093,22.07.2015,1,12,13,53
2094,23.07.2015,0,6,7,70
2095,24.07.2015,1,7,8,66
2096,25.07.2015,1,6,7,83
2097,26.07.2015,1,5,6,66
2098,27.07.2015,1,11,13,52
2099,28.07.2015,0,5,5,52
2100,29.07.2015,1,5,6,71
2101,30.07.2015,0,3,3,63
2102,31.07.2015,1,4,5,62
2103,01.08.2015,1,11,13,65
2104,02.08.2015,0,8,8,92
2105,03.08.2015,0,9,10,112
2106,04.08.2015,1,11,12,107
2107,05.08.2015,0,8,8,72
2108,06.08.2015,1,14,15,93
2109,07.08.2015,1,15,16,116
2110,08.08.2015,0,5,5,106
2111,09.08.2015,0,4,4,76
2112,10.08.2015,0,7,7,92
2113,11.08.2015,0,8,9,108
2114,12.08.2015,0,5,6,77
2115,13.08.2015,0,5,5,77
2116,14.08.2015,0,6,7,113
2117,15.08.2015,0,8,8,117
2118,16.08.2015,0,7,8,79
2119,17.08.2015,1,11,13,57
2120,18.08.2015,1,15,16,37
2121,19.08.2015,2,11,13,36
2122,20.08.2015,1,12,13,58
2123,21.08.2015,1,14,15,66
2124,22.08.2015,0,9,10,79
2125,23.08.2015,1,6,7,81
2126,24.08.2015,1,13,14,72
2127,25.08.2015,0,8,9,55
2128,26.08.2015,1,17,19,49
2129,27.08.2015,1,18,19,53
2130,28.08.2015,0,7,7,45
2131,29.08.2015,3,11,16,49
2132,30.08.2015,1,13,14,52
2133,31.08.2015,2,21,24,69
2134,01.09.2015,0,14,14,70
2135,02.09.2015,1,7,8,56
2136,03.09.2015,6,22,31,32
2137,04.09.2015,2,10,13,52
2138,05.09.2015,0,4,5,58
2139,06.09.2015,0,3,4,59
2140,07.09.2015,1,9,10,48
2141,08.09.2015,1,9,10,45
2142,09.09.2015,0,5,5,41
2143,10.09.2015,1,7,7,43
2144,11.09.2015,1,12,14,30
2145,12.09.2015,2,11,15,47
2146,13.09.2015,1,9,11,62
2147,14.09.2015,1,16,17,54
2148,15.09.2015,2,13,17,42
2149,16.09.2015,3,22,27,33
2150,17.09.2015,1,14,16,44
2151,18.09.2015,0,9,9,54
2152,19.09.2015,3,13,18,26
2153,20.09.2015,0,4,5,51
2154,21.09.2015,1,10,12,41
2155,22.09.2015,2,24,27,27
2156,23.09.2015,3,16,20,26
2157,24.09.2015,1,14,16,
2158,25.09.2015,4,18,24,31
2159,26.09.2015,2,13,16,29
2160,27.09.2015,1,12,14,29
2161,28.09.2015,9,14,28,29
2162,29.09.2015,1,9,11,36
2163,30.09.2015,1,11,13,35
2164,01.10.2015,5,28,35,24
2165,02.10.2015,12,21,39,30
2166,03.10.2015,0,17,17,42
2167,04.10.2015,2,20,23,38
2168,05.10.2015,3,15,19,32
2169,06.10.2015,0,12,12,56
2170,07.10.2015,0,10,11,38
2171,08.10.2015,1,16,17,17
2172,09.10.2015,1,12,13,23
2173,10.10.2015,1,9,10,46
2174,11.10.2015,0,7,8,50
2175,12.10.2015,1,10,11,46
2176,13.10.2015,0,9,10,32
2177,14.10.2015,1,10,11,24
2178,15.10.2015,1,11,13,30
2179,16.10.2015,2,17,20,13
2180,17.10.2015,1,11,12,10
2181,18.10.2015,5,16,24,11
2182,19.10.2015,4,16,23,4
2183,20.10.2015,1,10,12,25
2184,21.10.2015,0,10,11,24
2185,22.10.2015,3,18,23,9
2186,23.10.2015,1,9,10,39
2187,24.10.2015,9,19,32,14
2188,25.10.2015,3,15,20,12
2189,26.10.2015,5,15,23,16
2190,27.10.2015,2,18,21,21
2191,28.10.2015,2,18,21,16
2192,29.10.2015,17,28,54,4
2193,30.10.2015,26,26,65,1
2194,31.10.2015,2,21,24,22
2195,01.11.2015,7,25,35,15
2196,02.11.2015,43,32,97,2
2197,03.11.2015,36,34,90,2
2198,04.11.2015,72,27,137,2
2199,05.11.2015,64,26,124,2
2200,06.11.2015,28,22,65,3
2201,07.11.2015,3,10,14,14
2202,08.11.2015,3,9,12,43
2203,09.11.2015,1,10,12,41
2204,10.11.2015,0,8,8,45
2205,11.11.2015,0,9,9,
2206,12.11.2015,1,14,16,37
2207,13.11.2015,3,17,21,27
2208,14.11.2015,0,6,7,58
2209,15.11.2015,0,7,7,38
2210,16.11.2015,1,12,14,28
2211,17.11.2015,0,10,11,33
2212,18.11.2015,0,6,7,57
2213,19.11.2015,0,6,7,58
2214,20.11.2015,1,11,12,46
2215,21.11.2015,0,12,12,31
2216,22.11.2015,1,10,11,37
2217,23.11.2015,4,27,33,11
2218,24.11.2015,4,27,33,14
2219,25.11.2015,2,25,28,14
2220,26.11.2015,2,20,23,13
2221,27.11.2015,15,32,55,2
2222,28.11.2015,2,22,25,19
2223,29.11.2015,0,6,6,47
2224,30.11.2015,0,10,11,60
2225,01.12.2015,1,14,15,40
2226,02.12.2015,0,16,17,36
2227,03.12.2015,3,28,32,28
2228,04.12.2015,1,20,22,29
2229,05.12.2015,1,11,12,42
2230,06.12.2015,0,6,7,53
2231,07.12.2015,4,19,26,20
2232,08.12.2015,18,27,56,2
2233,09.12.2015,3,23,28,19
2234,10.12.2015,2,27,30,16
2235,11.12.2015,1,18,18,30
2236,12.12.2015,0,11,11,44
2237,13.12.2015,0,10,11,42
2238,14.12.2015,11,28,44,8
2239,15.12.2015,10,21,37,2
2240,16.12.2015,14,25,46,2
2241,17.12.2015,3,23,28,12
2242,18.12.2015,2,17,20,18
2243,19.12.2015,4,20,26,15
2244,20.12.2015,3,21,25,11
2245,21.12.2015,1,13,15,33
2246,22.12.2015,0,9,9,53
2247,23.12.2015,0,9,9,51
2248,24.12.2015,3,21,25,17
2249,25.12.2015,0,8,8,54
2250,26.12.2015,0,5,5,53
2251,27.12.2015,0,7,7,43
2252,28.12.2015,0,8,8,45
2253,29.12.2015,1,7,8,39
2254,30.12.2015,1,13,14,32
2255,31.12.2015,1,18,19,31
2256,01.01.2016,6,18,28,7
2257,02.01.2016,0,12,12,29
2258,03.01.2016,1,9,10,34
2259,04.01.2016,1,17,19,22
2260,05.01.2016,3,22,26,12
2261,06.01.2016,2,21,25,14
2262,07.01.2016,2,21,24,12
2263,08.01.2016,2,19,22,37
2264,09.01.2016,7,32,43,11
2265,10.01.2016,9,25,39,10
2266,11.01.2016,16,30,55,2
2267,12.01.2016,21,28,60,3
2268,13.01.2016,2,14,18,26
2269,14.01.2016,2,24,28,18
2270,15.01.2016,2,20,23,15
2271,16.01.2016,1,13,14,35
2272,17.01.2016,1,11,12,28
2273,18.01.2016,4,29,35,24
2274,19.01.2016,14,37,58,12
2275,20.01.2016,2,29,31,29
2276,21.01.2016,1,18,19,48
2277,22.01.2016,28,51,94,8
2278,23.01.2016,6,35,44,14
2279,24.01.2016,10,23,38,12
2280,25.01.2016,7,20,30,9
2281,26.01.2016,3,20,26,23
2282,27.01.2016,0,10,11,49
2283,28.01.2016,0,13,14,52
2284,29.01.2016,1,13,14,43
2285,30.01.2016,0,5,5,61
2286,31.01.2016,0,6,6,60
2287,01.02.2016,0,11,11,45
2288,02.02.2016,0,5,6,73
2289,03.02.2016,0,6,7,66
2290,04.02.2016,0,7,7,48
2291,05.02.2016,1,14,15,34
2292,06.02.2016,1,20,22,24
2293,07.02.2016,1,19,20,33
2294,08.02.2016,0,11,11,56
2295,09.02.2016,0,9,9,65
2296,10.02.2016,0,10,10,57
2297,11.02.2016,0,10,10,53
2298,12.02.2016,2,24,27,26
2299,13.02.2016,2,17,20,31
2300,14.02.2016,1,9,10,31
2301,15.02.2016,0,9,10,31
2302,16.02.2016,0,10,11,46
2303,17.02.2016,1,13,14,36
2304,18.02.2016,6,24,33,13
2305,19.02.2016,12,21,40,22
2306,20.02.2016,1,15,17,34
2307,21.02.2016,0,6,6,53
2308,22.02.2016,0,6,6,65
2309,23.02.2016,0,7,7,57
2310,24.02.2016,0,9,9,59
2311,25.02.2016,1,16,17,43
2312,26.02.2016,1,15,16,45
2313,27.02.2016,9,22,36,35
2314,28.02.2016,0,8,8,49
2315,29.02.2016,0,8,9,56
2316,01.03.2016,0,12,13,52
2317,02.03.2016,1,18,19,39
2318,03.03.2016,9,32,45,18
2319,04.03.2016,6,22,30,36
2320,05.03.2016,1,12,13,42
2321,06.03.2016,1,11,12,22
2322,07.03.2016,4,19,25,27
2323,08.03.2016,14,24,46,26
2324,09.03.2016,16,26,51,33
2325,10.03.2016,1,8,9,41
2326,11.03.2016,0,4,4,52
2327,12.03.2016,0,3,4,75
2328,13.03.2016,0,5,5,71
2329,14.03.2016,1,14,16,49
2330,15.03.2016,0,6,7,59
2331,16.03.2016,1,9,11,55
2332,17.03.2016,4,23,30,45
2333,18.03.2016,0,12,12,45
2334,19.03.2016,1,8,9,43
2335,20.03.2016,0,5,5,65
2336,21.03.2016,0,6,7,65
2337,22.03.2016,1,10,11,58
2338,23.03.2016,1,12,12,47
2339,24.03.2016,4,16,22,30
2340,25.03.2016,1,15,16,32
2341,26.03.2016,0,11,12,52
2342,27.03.2016,1,13,14,55
2343,28.03.2016,1,11,12,55
2344,29.03.2016,1,9,10,59
2345,30.03.2016,1,19,21,38
2346,31.03.2016,1,12,14,57
2347,01.04.2016,0,9,10,66
2348,02.04.2016,1,17,19,52
2349,03.04.2016,1,15,16,57
2350,04.04.2016,3,28,32,49
2351,05.04.2016,2,20,23,56
2352,06.04.2016,0,10,10,73
2353,07.04.2016,0,10,10,73
2354,08.04.2016,1,15,17,52
2355,09.04.2016,2,13,16,55
2356,10.04.2016,0,7,7,71
2357,11.04.2016,0,9,10,56
2358,12.04.2016,1,19,20,34
2359,13.04.2016,4,16,22,47
2360,14.04.2016,1,10,11,53
2361,15.04.2016,6,22,32,30
2362,16.04.2016,1,18,19,39
2363,17.04.2016,0,7,7,62
2364,18.04.2016,1,11,12,63
2365,19.04.2016,0,6,6,77
2366,20.04.2016,0,6,7,74
2367,21.04.2016,1,11,12,62
2368,22.04.2016,0,7,8,67
2369,23.04.2016,0,6,7,67
2370,24.04.2016,0,3,4,70
2371,25.04.2016,0,8,8,68
2372,26.04.2016,0,9,10,67
2373,27.04.2016,0,9,9,67
2374,28.04.2016,1,10,11,66
2375,29.04.2016,4,21,27,55
2376,30.04.2016,1,13,13,83
2377,01.05.2016,0,5,6,96
2378,02.05.2016,0,7,7,91
2379,03.05.2016,3,15,20,65
2380,04.05.2016,0,7,7,72
2381,05.05.2016,1,7,8,83
2382,06.05.2016,0,10,11,94
2383,07.05.2016,0,7,8,99
2384,08.05.2016,0,5,6,98
2385,09.05.2016,0,6,7,96
2386,10.05.2016,0,8,8,99
2387,11.05.2016,0,8,8,107
2388,12.05.2016,0,4,5,107
2389,13.05.2016,0,5,4,92
2390,14.05.2016,0,7,7,77
2391,15.05.2016,0,3,3,72
2392,16.05.2016,0,3,4,67
2393,17.05.2016,0,6,7,73
2394,18.05.2016,1,14,15,67
2395,19.05.2016,1,22,25,71
2396,20.05.2016,0,12,12,73
2397,21.05.2016,0,8,8,66
2398,22.05.2016,0,13,14,79
2399,23.05.2016,0,10,11,87
2400,24.05.2016,0,8,8,54
2401,25.05.2016,0,6,7,46
2402,26.05.2016,0,10,11,28
2403,27.05.2016,1,10,12,49
2404,28.05.2016,1,5,6,72
2405,29.05.2016,0,5,5,86
2406,30.05.2016,0,8,8,65
2407,31.05.2016,1,7,8,46
2408,01.06.2016,0,7,7,39
2409,02.06.2016,1,8,9,59
2410,03.06.2016,0,7,7,71
2411,04.06.2016,0,8,8,78
2412,05.06.2016,0,6,6,55
2413,06.06.2016,0,6,7,64
2414,07.06.2016,0,9,9,74
2415,08.06.2016,1,15,17,66
2416,09.06.2016,0,8,8,66
2417,10.06.2016,0,6,6,77
2418,11.06.2016,0,4,4,75
2419,12.06.2016,0,3,4,73
2420,13.06.2016,0,5,6,64
2421,14.06.2016,1,11,12,47
2422,15.06.2016,3,17,22,27
2423,16.06.2016,1,8,9,43
2424,17.06.2016,0,10,10,43
2425,18.06.2016,0,6,6,54
2426,19.06.2016,0,6,6,52
2427,20.06.2016,2,10,13,62
2428,21.06.2016,0,7,7,55
2429,22.06.2016,2,15,18,50
2430,23.06.2016,1,14,15,73
2431,24.06.2016,0,15,15,97
2432,25.06.2016,1,6,7,80
2433,26.06.2016,0,5,5,67
2434,27.06.2016,0,9,9,67
2435,28.06.2016,0,7,7,58
2436,29.06.2016,0,11,11,57
2437,30.06.2016,2,14,18,
2438,01.07.2016,4,15,22,
2439,02.07.2016,1,9,10,50
2440,03.07.2016,0,4,5,59
2441,04.07.2016,1,7,8,61
2442,05.07.2016,1,13,14,59
2443,06.07.2016,1,3,4,70
2444,07.07.2016,0,4,4,67
2445,08.07.2016,1,13,14,71
2446,09.07.2016,0,6,6,59
2447,10.07.2016,0,7,8,64
2448,11.07.2016,1,10,11,69
2449,12.07.2016,1,8,9,75
2450,13.07.2016,0,9,9,42
2451,14.07.2016,1,8,10,40
2452,15.07.2016,0,5,5,57
2453,16.07.2016,1,7,8,63
2454,17.07.2016,0,6,7,46
2455,18.07.2016,0,7,7,51
2456,19.07.2016,0,7,8,46
2457,20.07.2016,1,7,8,46
2458,21.07.2016,1,15,15,60
2459,22.07.2016,0,6,6,75
2460,23.07.2016,0,5,5,72
2461,24.07.2016,0,5,5,68
2462,25.07.2016,1,10,12,71
2463,26.07.2016,1,9,10,67
2464,27.07.2016,0,9,9,52
2465,28.07.2016,1,9,10,47
2466,29.07.2016,0,10,10,55
2467,30.07.2016,0,8,8,51
2468,31.07.2016,1,9,10,49
2469,01.08.2016,0,7,8,41
2470,02.08.2016,1,12,14,33
2471,03.08.2016,3,13,17,18
2472,04.08.2016,1,9,10,28
2473,05.08.2016,1,10,12,31
2474,06.08.2016,0,5,5,48
2475,07.08.2016,1,8,9,46
2476,08.08.2016,1,13,14,49
2477,09.08.2016,0,6,6,49
2478,10.08.2016,1,6,8,42
2479,11.08.2016,1,6,7,42
2480,12.08.2016,1,7,8,39
2481,13.08.2016,1,6,8,50
2482,14.08.2016,0,5,5,51
2483,15.08.2016,1,8,10,37
2484,16.08.2016,3,8,12,35
2485,17.08.2016,4,9,14,33
2486,18.08.2016,1,15,17,33
2487,19.08.2016,5,10,18,58
2488,20.08.2016,1,12,13,57
2489,21.08.2016,0,8,8,39
2490,22.08.2016,0,8,8,45
2491,23.08.2016,1,11,12,33
2492,24.08.2016,3,15,19,45
2493,25.08.2016,1,12,12,76
2494,26.08.2016,0,16,17,85
2495,27.08.2016,0,9,10,92
2496,28.08.2016,0,9,9,79
2497,29.08.2016,1,6,6,58
2498,30.08.2016,1,6,7,56
2499,31.08.2016,5,21,28,46
2500,01.09.2016,2,17,20,65
2501,02.09.2016,1,13,15,56
2502,03.09.2016,1,18,19,54
2503,04.09.2016,0,12,13,38
2504,05.09.2016,1,5,6,41
2505,06.09.2016,1,9,10,36
2506,07.09.2016,4,20,26,39
2507,08.09.2016,1,20,22,61
2508,09.09.2016,1,16,17,73
2509,10.09.2016,0,9,9,60
2510,11.09.2016,0,10,10,88
2511,12.09.2016,0,11,11,92
2512,13.09.2016,0,12,12,92
2513,14.09.2016,0,8,8,86
2514,15.09.2016,0,8,8,74
2515,16.09.2016,1,17,19,76
2516,17.09.2016,0,7,8,51
2517,18.09.2016,0,4,5,50
2518,19.09.2016,0,5,6,52
2519,20.09.2016,2,13,15,38
2520,21.09.2016,1,13,14,43
2521,22.09.2016,3,22,26,31
2522,23.09.2016,10,23,37,45
2523,24.09.2016,0,13,13,47
2524,25.09.2016,0,15,15,54
2525,26.09.2016,2,22,25,46
2526,27.09.2016,2,24,26,42
2527,28.09.2016,1,16,18,41
2528,29.09.2016,1,12,13,52
2529,30.09.2016,0,9,9,50
2530,01.10.2016,7,17,27,11
2531,02.10.2016,3,11,15,19
2532,03.10.2016,8,7,19,28
2533,04.10.2016,0,2,2,57
2534,05.10.2016,1,4,5,44
2535,06.10.2016,0,3,3,41
2536,07.10.2016,1,6,7,19
2537,08.10.2016,0,5,4,33
2538,09.10.2016,0,7,7,25
2539,10.10.2016,3,12,17,12
2540,11.10.2016,3,9,13,9
2541,12.10.2016,0,7,7,13
2542,13.10.2016,0,7,7,24
2543,14.10.2016,1,11,12,32
2544,15.10.2016,1,12,13,19
2545,16.10.2016,1,12,14,6
2546,17.10.2016,1,12,14,13
2547,18.10.2016,16,22,46,5
2548,19.10.2016,3,18,23,19
2549,20.10.2016,4,15,21,9
2550,21.10.2016,1,16,18,10
2551,22.10.2016,2,16,19,10
2552,23.10.2016,6,13,22,8
2553,24.10.2016,2,11,14,9
2554,25.10.2016,1,13,14,9
2555,26.10.2016,10,21,36,5
2556,27.10.2016,7,18,29,5
2557,28.10.2016,1,12,13,31
2558,29.10.2016,0,6,7,55
2559,30.10.2016,0,12,12,43
2560,31.10.2016,3,15,20,11
2561,01.11.2016,1,13,14,24
2562,02.11.2016,0,6,7,45
2563,03.11.2016,8,15,28,19
2564,04.11.2016,11,28,45,7
2565,05.11.2016,3,26,32,6
2566,06.11.2016,1,11,12,16
2567,07.11.2016,1,9,10,23
2568,08.11.2016,1,15,17,18
2569,09.11.2016,5,22,29,18
2570,10.11.2016,3,20,25,6
2571,11.11.2016,4,19,25,15
2572,12.11.2016,3,18,22,14
2573,13.11.2016,5,28,36,8
2574,14.11.2016,27,33,74,11
2575,15.11.2016,2,26,29,14
2576,16.11.2016,6,24,33,8
2577,17.11.2016,2,17,19,21
2578,18.11.2016,1,13,14,45
2579,19.11.2016,1,21,22,29
2580,20.11.2016,1,17,18,34
2581,21.11.2016,4,25,31,16
2582,22.11.2016,28,27,70,4
2583,23.11.2016,63,21,118,1
2584,24.11.2016,10,12,27,16
2585,25.11.2016,3,12,16,23
2586,26.11.2016,1,22,23,19
2587,27.11.2016,1,9,10,44
2588,28.11.2016,1,22,24,36
2589,29.11.2016,3,31,36,16
2590,30.11.2016,1,32,33,17
2591,01.12.2016,0,10,9,53
2592,02.12.2016,0,15,15,54
2593,03.12.2016,6,28,37,9
2594,04.12.2016,6,33,43,7
2595,05.12.2016,25,42,80,2
2596,06.12.2016,8,37,49,3
2597,07.12.2016,13,38,57,5
2598,08.12.2016,2,27,29,28
2599,09.12.2016,1,24,24,20
2600,10.12.2016,0,17,18,24
2601,11.12.2016,0,8,8,44
2602,12.12.2016,5,16,24,41
2603,13.12.2016,35,33,85,2
2604,14.12.2016,5,23,32,12
2605,15.12.2016,1,9,11,39
2606,16.12.2016,9,27,40,22
2607,17.12.2016,7,20,30,11
2608,18.12.2016,6,22,31,10
2609,19.12.2016,14,26,47,5
2610,20.12.2016,2,23,26,12
2611,21.12.2016,13,28,48,8
2612,22.12.2016,18,31,59,2
2613,23.12.2016,1,25,26,15
2614,24.12.2016,1,12,13,37
2615,25.12.2016,0,4,4,56
2616,26.12.2016,0,3,4,60
2617,27.12.2016,0,4,5,71
2618,28.12.2016,0,7,8,52
2619,29.12.2016,1,14,15,31
2620,30.12.2016,13,30,49,
2621,31.12.2016,3,25,29,15
2622,01.01.2017,1,13,14,40
2623,02.01.2017,1,20,21,24
2624,03.01.2017,0,10,10,48
2625,04.01.2017,1,5,6,64
2626,05.01.2017,0,5,5,61
2627,06.01.2017,0,18,19,43
2628,07.01.2017,1,25,26,36
2629,08.01.2017,1,20,22,16
2630,09.01.2017,29,29,74,6
2631,10.01.2017,1,30,32,29
2632,11.01.2017,1,26,27,33
2633,12.01.2017,1,11,12,56
2634,13.01.2017,1,15,16,42
2635,14.01.2017,1,14,15,40
2636,15.01.2017,0,5,6,51
2637,16.01.2017,2,24,27,29
2638,17.01.2017,16,35,59,13
2639,18.01.2017,17,38,64,8
2640,19.01.2017,1,22,23,27
2641,20.01.2017,9,38,52,5
2642,21.01.2017,5,28,36,8
2643,22.01.2017,1,15,16,35
2644,23.01.2017,1,20,22,27
2645,24.01.2017,1,18,20,17
2646,25.01.2017,3,20,25,8
2647,26.01.2017,3,24,28,17
2648,27.01.2017,5,35,42,21
2649,28.01.2017,1,29,31,31
2650,29.01.2017,5,41,48,15
2651,30.01.2017,7,39,49,20
2652,31.01.2017,1,20,21,30
2653,01.02.2017,1,19,20,34
2654,02.02.2017,3,31,36,23
2655,03.02.2017,2,32,35,12
2656,04.02.2017,3,32,37,11
2657,05.02.2017,0,14,15,17
2658,06.02.2017,1,6,7,52
2659,07.02.2017,0,6,6,56
2660,08.02.2017,0,7,7,52
2661,09.02.2017,0,12,13,42
2662,10.02.2017,1,15,16,45
2663,11.02.2017,1,13,15,58
2664,12.02.2017,1,10,11,57
2665,13.02.2017,1,14,16,47
2666,14.02.2017,2,24,27,25
2667,15.02.2017,10,55,71,11
2668,16.02.2017,26,44,84,13
2669,17.02.2017,5,24,31,15
2670,18.02.2017,1,14,15,34
2671,19.02.2017,0,9,10,42
2672,20.02.2017,0,11,12,39
2673,21.02.2017,1,9,10,55
2674,22.02.2017,0,7,8,57
2675,23.02.2017,1,9,10,61
2676,24.02.2017,0,9,9,67
2677,25.02.2017,0,8,8,62
2678,26.02.2017,0,8,9,60
2679,27.02.2017,1,19,20,50
2680,28.02.2017,0,9,9,76
2681,01.03.2017,0,10,10,60
2682,02.03.2017,0,13,13,53
2683,03.03.2017,1,17,18,51
2684,04.03.2017,2,22,24,42
2685,05.03.2017,0,10,9,58
2686,06.03.2017,3,21,25,35
2687,07.03.2017,0,6,6,54
2688,08.03.2017,2,15,18,43
2689,09.03.2017,0,14,14,46
2690,10.03.2017,1,10,11,62
2691,11.03.2017,1,9,10,47
2692,12.03.2017,1,9,10,38
2693,13.03.2017,3,20,25,37
2694,14.03.2017,2,22,25,33
2695,15.03.2017,1,9,10,56
2696,16.03.2017,1,13,13,50
2697,17.03.2017,2,17,19,49
2698,18.03.2017,0,5,5,74
2699,19.03.2017,0,12,12,56
2700,20.03.2017,0,9,9,52
2701,21.03.2017,1,9,10,61
2702,22.03.2017,1,13,15,50
2703,23.03.2017,0,10,10,50
2704,24.03.2017,3,9,14,65
2705,25.03.2017,1,14,16,56
2706,26.03.2017,1,15,17,52
2707,27.03.2017,4,19,25,60
2708,28.03.2017,3,21,26,56
2709,29.03.2017,1,18,19,53
2710,30.03.2017,1,17,18,40
2711,31.03.2017,3,20,25,60
2712,01.04.2017,1,19,20,69
2713,02.04.2017,0,9,9,78
2714,03.04.2017,0,11,12,64
2715,04.04.2017,0,12,12,51
2716,05.04.2017,2,12,15,54
2717,06.04.2017,0,4,4,81
2718,07.04.2017,0,6,6,62
2719,08.04.2017,0,4,4,64
2720,09.04.2017,0,8,8,65
2721,10.04.2017,3,13,18,60
2722,11.04.2017,0,6,6,69
2723,12.04.2017,0,10,10,55
2724,13.04.2017,0,4,4,74
2725,14.04.2017,0,4,5,74
2726,15.04.2017,0,8,9,58
2727,16.04.2017,0,5,6,59
2728,17.04.2017,0,4,5,59
2729,18.04.2017,1,3,4,71
2730,19.04.2017,0,3,3,82
2731,20.04.2017,1,12,12,66
2732,21.04.2017,0,11,11,63
2733,22.04.2017,0,3,2,78
2734,23.04.2017,1,2,3,72
2735,24.04.2017,0,9,9,69
2736,25.04.2017,0,9,9,58
2737,26.04.2017,1,7,9,66
2738,27.04.2017,2,13,16,58
2739,28.04.2017,1,21,23,53
2740,29.04.2017,1,7,9,66
2741,30.04.2017,1,6,7,70
2742,01.05.2017,0,3,4,87
2743,02.05.2017,0,5,5,77
2744,03.05.2017,0,5,5,66
2745,04.05.2017,0,5,5,61
2746,05.05.2017,0,6,7,46
2747,06.05.2017,0,6,5,57
2748,07.05.2017,0,3,3,67
2749,08.05.2017,0,8,9,54
2750,09.05.2017,0,8,8,55
2751,10.05.2017,0,7,7,62
2752,11.05.2017,1,9,10,65
2753,12.05.2017,0,7,8,84
2754,13.05.2017,0,11,11,44
2755,14.05.2017,1,9,11,52
2756,15.05.2017,1,9,10,58
2757,16.05.2017,1,15,17,48
2758,17.05.2017,1,11,12,76
2759,18.05.2017,1,11,12,90
2760,19.05.2017,1,10,11,94
2761,20.05.2017,0,5,6,76
2762,21.05.2017,0,6,6,76
2763,22.05.2017,0,6,6,83
2764,23.05.2017,1,9,10,84
2765,24.05.2017,0,7,8,63
2766,25.05.2017,0,6,7,55
2767,26.05.2017,1,7,8,49
2768,27.05.2017,0,6,6,61
2769,28.05.2017,0,8,8,92
2770,29.05.2017,1,9,10,84
2771,30.05.2017,0,10,10,61
2772,31.05.2017,0,6,6,74
2773,01.06.2017,0,6,7,72
2774,02.06.2017,1,10,10,63
2775,03.06.2017,0,8,9,59
2776,04.06.2017,0,8,8,47
2777,05.06.2017,0,6,6,54
2778,06.06.2017,1,10,11,54
2779,07.06.2017,0,4,4,58
2780,08.06.2017,1,6,6,56
2781,09.06.2017,1,12,14,66
2782,10.06.2017,1,6,7,61
2783,11.06.2017,1,12,13,63
2784,12.06.2017,0,6,7,63
2785,13.06.2017,0,5,4,66
2786,14.06.2017,0,5,5,54
2787,15.06.2017,0,10,11,78
2788,16.06.2017,0,5,5,63
2789,17.06.2017,0,5,5,60
2790,18.06.2017,0,8,8,47
2791,19.06.2017,2,10,13,56
2792,20.06.2017,1,9,11,65
2793,21.06.2017,1,5,6,65
2794,22.06.2017,1,13,14,59
2795,23.06.2017,0,6,6,68
2796,24.06.2017,0,6,6,66
2797,25.06.2017,,,,
2798,26.06.2017,0,5,5,65
2799,27.06.2017,0,7,8,59
2800,28.06.2017,0,8,8,61
2801,29.06.2017,1,9,11,47
2802,30.06.2017,0,6,6,61
2803,01.07.2017,0,5,5,48
2804,02.07.2017,1,4,4,48
2805,03.07.2017,0,5,5,51
2806,04.07.2017,0,6,5,57
2807,05.07.2017,1,6,7,46
2808,06.07.2017,2,8,11,54
2809,07.07.2017,2,14,17,42
2810,08.07.2017,1,8,9,45
2811,09.07.2017,0,5,6,46
2812,10.07.2017,1,13,15,30
2813,11.07.2017,1,5,5,58
2814,12.07.2017,1,9,10,45
2815,13.07.2017,0,5,6,50
2816,14.07.2017,1,7,8,47
2817,15.07.2017,0,11,11,40
2818,16.07.2017,1,6,6,45
2819,17.07.2017,1,7,8,46
2820,18.07.2017,1,8,10,40
2821,19.07.2017,0,7,6,62
2822,20.07.2017,1,10,11,70
2823,21.07.2017,1,7,7,49
2824,22.07.2017,,,,
2825,23.07.2017,,,,
2826,24.07.2017,2,9,12,46
2827,25.07.2017,0,4,4,48
2828,26.07.2017,0,6,7,32
2829,27.07.2017,1,7,8,45
2830,28.07.2017,1,5,6,50
2831,29.07.2017,1,8,9,36
2832,30.07.2017,0,9,10,57
2833,31.07.2017,1,9,10,48
2834,01.08.2017,1,14,15,55
2835,02.08.2017,0,7,7,62
2836,03.08.2017,1,10,11,43
2837,04.08.2017,1,5,6,56
2838,05.08.2017,0,6,6,49
2839,06.08.2017,0,3,3,51
2840,07.08.2017,4,12,17,50
2841,08.08.2017,0,8,8,80
2842,09.08.2017,0,7,7,79
2843,10.08.2017,0,4,4,76
2844,11.08.2017,0,10,10,52
2845,12.08.2017,0,4,4,53
2846,13.08.2017,0,5,5,37
2847,14.08.2017,1,7,8,40
2848,15.08.2017,0,9,9,61
2849,16.08.2017,0,7,7,31
2850,17.08.2017,1,12,14,46
2851,18.08.2017,2,8,11,28
2852,19.08.2017,0,3,4,49
2853,20.08.2017,0,3,4,42
2854,21.08.2017,0,4,3,40
2855,22.08.2017,0,7,7,34
2856,23.08.2017,1,8,8,39
2857,24.08.2017,2,15,17,31
2858,25.08.2017,1,7,8,36
2859,26.08.2017,1,9,10,32
2860,27.08.2017,0,8,8,45
2861,28.08.2017,2,10,12,37
2862,29.08.2017,1,16,18,45
2863,30.08.2017,1,15,16,60
2864,31.08.2017,0,9,9,53
2865,01.09.2017,0,11,12,26
2866,02.09.2017,1,7,8,31
2867,03.09.2017,0,8,9,26
2868,04.09.2017,1,12,14,41
2869,05.09.2017,2,13,15,50
2870,06.09.2017,2,14,17,31
2871,07.09.2017,0,5,4,52
2872,08.09.2017,1,12,14,37
2873,09.09.2017,1,12,13,39
2874,10.09.2017,1,9,10,35
2875,11.09.2017,1,13,15,37
2876,12.09.2017,1,7,8,48
2877,13.09.2017,0,9,9,50
2878,14.09.2017,0,5,6,53
2879,15.09.2017,0,8,8,44
2880,16.09.2017,1,13,15,24
2881,17.09.2017,2,11,14,21
2882,18.09.2017,1,11,12,34
2883,19.09.2017,4,12,17,29
2884,20.09.2017,1,11,12,29
2885,21.09.2017,1,14,15,27
2886,22.09.2017,5,9,18,22
2887,23.09.2017,4,11,17,19
2888,24.09.2017,0,5,5,15
2889,25.09.2017,1,7,8,15
2890,26.09.2017,1,8,9,28
2891,27.09.2017,1,8,9,32
2892,28.09.2017,0,11,10,40
2893,29.09.2017,1,12,13,47
2894,30.09.2017,0,9,10,57
2895,01.10.2017,1,11,12,30
2896,02.10.2017,2,13,15,24
2897,03.10.2017,0,4,4,45
2898,04.10.2017,0,9,9,47
2899,05.10.2017,0,6,7,50
2900,06.10.2017,0,7,8,44
2901,07.10.2017,0,6,6,46
2902,08.10.2017,0,5,5,50
2903,09.10.2017,1,10,11,34
2904,10.10.2017,1,12,13,23
2905,11.10.2017,1,9,10,32
2906,12.10.2017,0,5,6,52
2907,13.10.2017,1,11,12,35
2908,14.10.2017,1,11,12,16
2909,15.10.2017,2,12,15,16
2910,16.10.2017,4,17,22,20
2911,17.10.2017,7,19,30,18
2912,18.10.2017,6,15,25,9
2913,19.10.2017,4,20,26,11
2914,20.10.2017,9,24,37,6
2915,21.10.2017,2,18,20,13
2916,22.10.2017,1,6,7,36
2917,23.10.2017,1,12,14,20
2918,24.10.2017,9,17,31,13
2919,25.10.2017,1,8,9,30
2920,26.10.2017,0,9,9,39
2921,27.10.2017,0,7,7,46
2922,28.10.2017,0,5,5,53
2923,29.10.2017,,,,
2924,30.10.2017,,,,
2925,31.10.2017,0,6,7,45
2926,01.11.2017,1,13,14,22
2927,02.11.2017,1,15,15,33
2928,03.11.2017,4,11,16,35
2929,04.11.2017,8,26,38,11
2930,05.11.2017,2,17,19,21
2931,06.11.2017,3,16,20,27
2932,07.11.2017,2,11,13,26
2933,08.11.2017,0,9,9,28
2934,09.11.2017,0,15,16,25
2935,10.11.2017,0,13,14,32
2936,11.11.2017,0,6,6,61
2937,12.11.2017,2,13,16,34
2938,13.11.2017,1,16,18,24
2939,14.11.2017,2,17,20,19
2940,15.11.2017,3,21,25,10
2941,16.11.2017,4,21,26,7
2942,17.11.2017,2,21,24,25
2943,18.11.2017,0,10,11,43
2944,19.11.2017,1,4,5,58
2945,20.11.2017,0,10,10,43
2946,21.11.2017,3,22,27,9
2947,22.11.2017,2,16,19,21
2948,23.11.2017,2,25,28,21
2949,24.11.2017,2,16,19,26
2950,25.11.2017,0,12,12,28
2951,26.11.2017,0,10,11,32
2952,27.11.2017,1,11,12,41
2953,28.11.2017,1,10,11,42
2954,29.11.2017,8,20,32,19
2955,30.11.2017,11,24,41,10
2956,01.12.2017,2,18,21,12
2957,02.12.2017,1,14,16,11
2958,03.12.2017,1,16,18,17
2959,04.12.2017,0,17,17,34
2960,05.12.2017,0,9,9,46
2961,06.12.2017,0,8,8,54
2962,07.12.2017,2,13,16,48
2963,08.12.2017,1,8,9,49
2964,09.12.2017,0,8,8,48
2965,10.12.2017,1,10,11,48
2966,11.12.2017,1,20,21,27
2967,12.12.2017,0,12,12,39
2968,13.12.2017,1,19,20,34
2969,14.12.2017,0,11,11,50
2970,15.12.2017,7,27,38,13
2971,16.12.2017,1,16,16,24
2972,17.12.2017,0,8,8,35
2973,18.12.2017,13,29,49,7
2974,19.12.2017,13,29,48,3
2975,20.12.2017,11,25,41,4
2976,21.12.2017,5,19,27,23
2977,22.12.2017,0,8,8,48
2978,23.12.2017,0,7,7,44
2979,24.12.2017,0,6,5,52
2980,25.12.2017,0,6,5,54
2981,26.12.2017,1,12,13,37
2982,27.12.2017,1,23,25,23
2983,28.12.2017,5,14,21,28
2984,29.12.2017,0,16,16,34
2985,30.12.2017,0,16,17,39
2986,31.12.2017,0,9,8,50
2987,01.01.2018,0,8,8,60
2988,02.01.2018,0,13,13,36
2989,03.01.2018,0,12,11,53
2990,04.01.2018,0,9,10,57
2991,05.01.2018,0,11,11,51
2992,06.01.2018,2,19,21,27
2993,07.01.2018,1,3,5,44
2994,08.01.2018,0,10,10,46
2995,09.01.2018,0,12,12,46
2996,10.01.2018,17,26,51,5
2997,11.01.2018,12,17,36,2
2998,12.01.2018,2,13,15,9
2999,13.01.2018,0,6,6,42
3000,14.01.2018,0,5,5,41
3001,15.01.2018,2,18,20,26
3002,16.01.2018,2,16,19,39
3003,17.01.2018,0,10,10,51
3004,18.01.2018,1,13,13,50
3005,19.01.2018,0,11,12,42
3006,20.01.2018,0,18,19,27
3007,21.01.2018,0,11,11,25
3008,22.01.2018,1,17,19,37
3009,23.01.2018,11,27,43,14
3010,24.01.2018,0,13,13,37
3011,25.01.2018,2,17,21,35
3012,26.01.2018,2,22,24,24
3013,27.01.2018,0,13,13,31
3014,28.01.2018,0,6,6,50
3015,29.01.2018,0,5,5,57
3016,30.01.2018,0,8,8,60
3017,31.01.2018,1,19,21,31
3018,01.02.2018,0,14,15,51
3019,02.02.2018,1,15,16,36
3020,03.02.2018,0,8,9,33
3021,04.02.2018,0,6,7,33
3022,05.02.2018,0,8,8,50
3023,06.02.2018,6,22,30,35
3024,07.02.2018,1,15,16,41
3025,08.02.2018,3,25,30,30
3026,09.02.2018,6,33,42,19
3027,10.02.2018,2,25,29,20
3028,11.02.2018,1,19,19,29
3029,12.02.2018,1,15,16,35
3030,13.02.2018,4,24,30,34
3031,14.02.2018,4,25,31,32
3032,15.02.2018,1,17,19,43
3033,16.02.2018,2,21,25,34
3034,17.02.2018,1,18,18,31
3035,18.02.2018,0,9,9,50
3036,19.02.2018,4,33,39,28
3037,20.02.2018,1,14,15,49
3038,21.02.2018,0,12,12,53
3039,22.02.2018,0,10,11,49
3040,23.02.2018,0,12,12,53
3041,24.02.2018,0,6,7,65
3042,25.02.2018,0,5,5,63
3043,26.02.2018,0,7,8,63
3044,27.02.2018,3,18,22,54
3045,28.02.2018,0,7,7,65
3046,01.03.2018,1,7,8,61
3047,02.03.2018,1,9,10,59
3048,03.03.2018,0,10,10,60
3049,04.03.2018,1,13,13,73
3050,05.03.2018,3,34,39,43
3051,06.03.2018,2,20,23,42
3052,07.03.2018,3,16,21,35
3053,08.03.2018,2,19,22,39
3054,09.03.2018,1,14,16,52
3055,10.03.2018,6,25,34,14
3056,11.03.2018,2,15,19,32
3057,12.03.2018,4,24,31,27
3058,13.03.2018,1,12,13,42
3059,14.03.2018,0,7,7,48
3060,15.03.2018,0,5,5,58
3061,16.03.2018,0,4,5,66
3062,17.03.2018,0,2,2,74
3063,18.03.2018,0,2,2,79
3064,19.03.2018,1,12,13,67
3065,20.03.2018,2,21,24,47
3066,21.03.2018,2,18,20,49
3067,22.03.2018,1,18,20,39
3068,23.03.2018,0,11,11,45
3069,24.03.2018,0,11,11,48
3070,25.03.2018,1,15,17,53
3071,26.03.2018,3,14,18,48
3072,27.03.2018,1,13,14,60
3073,28.03.2018,0,11,11,48
3074,29.03.2018,1,8,8,58
3075,30.03.2018,1,4,5,73
3076,31.03.2018,1,5,6,60
3077,01.04.2018,0,5,5,73
3078,02.04.2018,0,5,6,80
3079,03.04.2018,0,17,17,58
3080,04.04.2018,1,14,16,64
3081,05.04.2018,0,6,6,70
3082,06.04.2018,1,7,8,69
3083,07.04.2018,1,11,12,75
3084,08.04.2018,0,11,11,78
3085,09.04.2018,3,17,21,73
3086,10.04.2018,1,8,9,83
3087,11.04.2018,1,7,9,61
3088,12.04.2018,0,9,9,66
3089,13.04.2018,0,11,11,63
3090,14.04.2018,0,8,9,60
3091,15.04.2018,1,6,7,70
3092,16.04.2018,1,15,16,38
3093,17.04.2018,4,12,17,57
3094,18.04.2018,3,16,21,68
3095,19.04.2018,0,9,9,72
3096,20.04.2018,1,13,15,72
3097,21.04.2018,0,6,7,82
3098,22.04.2018,1,8,9,76
3099,23.04.2018,1,11,11,73
3100,24.04.2018,0,10,10,52
3101,25.04.2018,0,9,9,50
3102,26.04.2018,1,6,7,58
3103,27.04.2018,1,9,10,57
3104,28.04.2018,1,11,12,64
3105,29.04.2018,0,5,6,76
3106,30.04.2018,1,9,10,73
3107,01.05.2018,0,7,8,70
3108,02.05.2018,2,10,13,50
3109,03.05.2018,1,9,10,66
3110,04.05.2018,1,5,5,81
3111,05.05.2018,0,4,5,82
3112,06.05.2018,0,6,6,73
3113,07.05.2018,0,8,8,73
3114,08.05.2018,0,8,9,82
3115,09.05.2018,0,9,9,87
3116,10.05.2018,0,8,8,86
3117,11.05.2018,0,6,6,53
3118,12.05.2018,0,5,5,63
3119,13.05.2018,0,5,6,91
3120,14.05.2018,0,6,6,93
3121,15.05.2018,1,7,8,74
3122,16.05.2018,1,6,8,63
3123,17.05.2018,0,8,9,67
3124,18.05.2018,1,6,7,56
3125,19.05.2018,0,5,5,64
3126,20.05.2018,0,4,4,76
3127,21.05.2018,0,6,6,81
3128,22.05.2018,0,8,8,88
3129,23.05.2018,0,6,6,92
3130,24.05.2018,0,5,5,94
3131,25.05.2018,1,5,6,90
3132,26.05.2018,1,5,7,81
3133,27.05.2018,0,4,4,92
3134,28.05.2018,0,7,7,103
3135,29.05.2018,0,5,5,118
3136,30.05.2018,0,11,11,103
3137,31.05.2018,1,7,8,101
3138,01.06.2018,0,9,9,101
3139,02.06.2018,0,8,8,61
3140,03.06.2018,0,6,6,61
3141,04.06.2018,1,7,9,76
3142,05.06.2018,0,4,5,74
3143,06.06.2018,0,4,4,79
3144,07.06.2018,0,6,7,99
3145,08.06.2018,0,6,7,103
3146,09.06.2018,0,7,6,107
3147,10.06.2018,1,9,10,74
3148,11.06.2018,0,6,6,77
3149,12.06.2018,0,5,6,69
3150,13.06.2018,0,6,7,56
3151,14.06.2018,0,5,5,77
3152,15.06.2018,1,12,13,65
3153,16.06.2018,0,13,12,71
3154,17.06.2018,0,11,11,75
3155,18.06.2018,0,8,9,68
3156,19.06.2018,0,7,7,63
3157,20.06.2018,1,9,10,63
3158,21.06.2018,0,9,10,60
3159,22.06.2018,0,2,3,63
3160,23.06.2018,0,2,2,60
3161,24.06.2018,0,5,5,42
3162,25.06.2018,1,7,8,40
3163,26.06.2018,1,7,8,46
3164,27.06.2018,1,5,6,64
3165,28.06.2018,0,5,4,85
3166,29.06.2018,1,7,9,82
3167,30.06.2018,0,3,3,60
3168,01.07.2018,0,2,2,61
3169,02.07.2018,0,5,5,63
3170,03.07.2018,1,11,12,78
3171,04.07.2018,1,9,11,109
3172,05.07.2018,0,7,8,104
3173,06.07.2018,0,4,4,70
3174,07.07.2018,0,5,5,72
3175,08.07.2018,0,4,4,67
3176,09.07.2018,0,6,6,60
3177,10.07.2018,1,10,10,48
3178,11.07.2018,0,6,7,57
3179,12.07.2018,1,9,10,35
3180,13.07.2018,2,10,13,41
3181,14.07.2018,0,8,8,47
3182,15.07.2018,0,7,7,48
3183,16.07.2018,2,11,14,56
3184,17.07.2018,2,14,17,59
3185,18.07.2018,1,12,13,78
3186,19.07.2018,0,10,10,67
3187,20.07.2018,1,11,14,71
3188,21.07.2018,1,10,10,66
3189,22.07.2018,1,12,13,71
3190,23.07.2018,0,9,9,66
3191,24.07.2018,1,9,11,51
3192,25.07.2018,0,9,9,51
3193,26.07.2018,0,6,6,74
3194,27.07.2018,1,6,7,65
3195,28.07.2018,1,8,9,71
3196,29.07.2018,0,8,8,76
3197,30.07.2018,1,12,13,79
3198,31.07.2018,0,14,15,93
3199,01.08.2018,1,11,12,83
3200,02.08.2018,0,5,5,98
3201,03.08.2018,0,8,8,102
3202,04.08.2018,0,10,10,106
3203,05.08.2018,0,5,5,65
3204,06.08.2018,0,9,10,66
3205,07.08.2018,0,13,13,93
3206,08.08.2018,0,15,15,110
3207,09.08.2018,0,7,6,116
3208,10.08.2018,0,9,10,61
3209,11.08.2018,1,13,13,57
3210,12.08.2018,0,7,7,75
3211,13.08.2018,1,17,19,73
3212,14.08.2018,1,7,8,62
3213,15.08.2018,0,6,6,62
3214,16.08.2018,3,17,21,57
3215,17.08.2018,0,11,12,92
3216,18.08.2018,0,5,5,75
3217,19.08.2018,0,10,10,87
3218,20.08.2018,0,11,11,51
3219,21.08.2018,0,6,6,60
3220,22.08.2018,0,11,11,73
3221,23.08.2018,1,13,15,96
3222,24.08.2018,1,10,11,62
3223,25.08.2018,1,9,10,52
3224,26.08.2018,0,6,7,53
3225,27.08.2018,1,15,17,48
3226,28.08.2018,0,8,8,42
3227,29.08.2018,1,12,13,69
3228,30.08.2018,1,11,12,61
3229,31.08.2018,0,10,10,48
3230,01.09.2018,1,10,11,54
3231,02.09.2018,0,5,6,64
3232,03.09.2018,0,6,5,85
3233,04.09.2018,0,6,6,72
3234,05.09.2018,0,4,4,69
3235,06.09.2018,1,6,7,70
3236,07.09.2018,1,9,10,69
3237,08.09.2018,0,9,9,59
3238,09.09.2018,1,15,16,64
3239,10.09.2018,4,24,29,52
3240,11.09.2018,1,11,12,61
3241,12.09.2018,0,8,9,61
3242,13.09.2018,0,5,5,35
3243,14.09.2018,2,13,16,26
3244,15.09.2018,1,10,11,44
3245,16.09.2018,0,10,10,46
3246,17.09.2018,2,18,22,53
3247,18.09.2018,2,27,30,62
3248,19.09.2018,,,,
3249,20.09.2018,,,,
3250,21.09.2018,1,15,17,56
3251,22.09.2018,0,6,7,51
3252,23.09.2018,1,7,8,45
3253,24.09.2018,0,6,6,52
3254,25.09.2018,1,9,10,50
3255,26.09.2018,0,13,13,50
3256,27.09.2018,1,17,18,40
3257,28.09.2018,1,13,14,41
3258,29.09.2018,3,15,19,30
3259,30.09.2018,7,19,29,33
3260,01.10.2018,6,16,25,28
3261,02.10.2018,0,8,7,40
3262,03.10.2018,1,4,5,61
3263,04.10.2018,2,12,15,30
3264,05.10.2018,2,21,25,31
3265,06.10.2018,4,26,32,25
3266,07.10.2018,1,13,14,40
3267,08.10.2018,7,27,38,17
3268,09.10.2018,16,29,53,7
3269,10.10.2018,8,19,31,37
3270,11.10.2018,1,17,19,67
3271,12.10.2018,3,29,33,39
3272,13.10.2018,2,25,29,43
3273,14.10.2018,0,15,16,65
3274,15.10.2018,1,24,26,51
3275,16.10.2018,4,31,36,30
3276,17.10.2018,8,34,46,19
3277,18.10.2018,7,17,28,21
3278,19.10.2018,2,19,23,32
3279,20.10.2018,2,15,18,33
3280,21.10.2018,4,15,21,22
3281,22.10.2018,1,17,19,26
3282,23.10.2018,0,7,7,46
3283,24.10.2018,1,7,7,63
3284,25.10.2018,0,5,5,58
3285,26.10.2018,0,9,9,44
3286,27.10.2018,0,5,5,51
3287,28.10.2018,0,5,5,37
3288,29.10.2018,0,5,5,31
3289,30.10.2018,1,13,14,35
3290,31.10.2018,1,14,15,39
3291,01.11.2018,5,24,31,11
3292,02.11.2018,6,24,34,14
3293,03.11.2018,2,17,20,19
3294,04.11.2018,1,10,11,14
3295,05.11.2018,2,19,21,17
3296,06.11.2018,3,25,29,19
3297,07.11.2018,13,26,47,7
3298,08.11.2018,25,25,63,4
3299,09.11.2018,6,19,29,5
3300,10.11.2018,3,19,23,9
3301,11.11.2018,6,21,30,4
3302,12.11.2018,11,27,44,5
3303,13.11.2018,4,20,26,14
3304,14.11.2018,4,17,23,18
3305,15.11.2018,8,20,31,16
3306,16.11.2018,1,11,12,30
3307,17.11.2018,1,12,13,19
3308,18.11.2018,2,10,12,20
3309,19.11.2018,1,4,5,33
3310,20.11.2018,0,7,7,39
3311,21.11.2018,0,9,10,30
3312,22.11.2018,0,10,10,36
3313,23.11.2018,6,17,26,11
3314,24.11.2018,6,17,25,2
3315,25.11.2018,8,14,26,4
3316,26.11.2018,1,8,9,23
3317,27.11.2018,3,19,25,9
3318,28.11.2018,3,19,25,26
3319,29.11.2018,2,25,28,30
3320,30.11.2018,2,29,33,21
3321,01.12.2018,11,27,45,4
3322,02.12.2018,1,17,19,22
3323,03.12.2018,2,16,19,20
3324,04.12.2018,1,8,9,49
3325,05.12.2018,7,26,37,14
3326,06.12.2018,2,31,34,14
3327,07.12.2018,0,11,11,34
3328,08.12.2018,0,5,5,57
3329,09.12.2018,0,3,3,60
3330,10.12.2018,0,4,4,62
3331,11.12.2018,1,8,9,26
3332,12.12.2018,1,10,11,19
3333,13.12.2018,1,8,9,17
3334,14.12.2018,0,10,11,18
3335,15.12.2018,1,8,9,20
3336,16.12.2018,1,14,15,23
3337,17.12.2018,16,24,49,3
3338,18.12.2018,18,23,50,3
3339,19.12.2018,5,29,36,10
3340,20.12.2018,20,29,59,2
3341,21.12.2018,1,19,20,28
3342,22.12.2018,1,8,9,40
3343,23.12.2018,1,7,9,36
3344,24.12.2018,0,3,3,41
3345,25.12.2018,0,3,3,44
3346,26.12.2018,0,6,7,35
3347,27.12.2018,0,11,12,28
3348,28.12.2018,0,10,10,33
3349,29.12.2018,1,22,24,18
3350,30.12.2018,0,4,5,57
3351,31.12.2018,0,6,7,34
3352,01.01.2019,0,3,3,61
3353,02.01.2019,0,4,3,63
3354,03.01.2019,1,20,22,33
3355,04.01.2019,0,11,11,36
3356,05.01.2019,0,4,5,48
3357,06.01.2019,0,10,10,28
3358,07.01.2019,3,15,19,21
3359,08.01.2019,0,7,6,52
3360,09.01.2019,0,3,4,54
3361,10.01.2019,1,7,8,54
3362,11.01.2019,1,11,12,38
3363,12.01.2019,0,4,4,59
3364,13.01.2019,0,3,3,63
3365,14.01.2019,0,4,4,69
3366,15.01.2019,0,8,8,52
3367,16.01.2019,0,9,10,45
3368,17.01.2019,0,8,7,50
3369,18.01.2019,0,8,9,54
3370,19.01.2019,2,20,24,22
3371,20.01.2019,1,13,14,30
3372,21.01.2019,1,19,20,30
3373,22.01.2019,13,35,56,15
3374,23.01.2019,1,17,19,36
3375,24.01.2019,0,8,8,49
3376,25.01.2019,1,14,15,39
3377,26.01.2019,11,29,46,10
3378,27.01.2019,1,17,18,30
3379,28.01.2019,1,15,17,33
3380,29.01.2019,1,15,17,33
3381,30.01.2019,1,18,19,36
3382,31.01.2019,4,28,34,16
3383,01.02.2019,1,22,24,21
3384,02.02.2019,1,15,16,18
3385,03.02.2019,0,9,9,34
3386,04.02.2019,2,19,22,29
3387,05.02.2019,1,15,16,38
3388,06.02.2019,3,23,27,29
3389,07.02.2019,2,32,35,26
3390,08.02.2019,1,12,13,47
3391,09.02.2019,0,6,7,65
3392,10.02.2019,0,10,10,56
3393,11.02.2019,0,5,5,63
3394,12.02.2019,1,12,14,62
3395,13.02.2019,1,13,15,33
3396,14.02.2019,2,18,21,36
3397,15.02.2019,12,34,52,17
3398,16.02.2019,15,30,53,25
3399,17.02.2019,8,34,47,11
3400,18.02.2019,8,34,46,15
3401,19.02.2019,6,20,29,39
3402,20.02.2019,0,12,12,50
3403,21.02.2019,1,13,14,41
3404,22.02.2019,0,6,6,58
3405,23.02.2019,2,26,30,38
3406,24.02.2019,8,31,43,27
3407,25.02.2019,6,29,38,32
3408,26.02.2019,5,28,36,18
3409,27.02.2019,12,22,40,27
3410,28.02.2019,2,24,28,29
3411,01.03.2019,1,12,13,41
3412,02.03.2019,0,11,11,50
3413,03.03.2019,0,5,5,51
3414,04.03.2019,0,7,7,68
3415,05.03.2019,0,8,9,61
3416,06.03.2019,2,19,23,43
3417,07.03.2019,1,15,16,57
3418,08.03.2019,0,5,6,73
3419,09.03.2019,0,5,5,71
3420,10.03.2019,0,4,4,76
3421,11.03.2019,0,7,7,66
3422,12.03.2019,0,8,8,69
3423,13.03.2019,0,4,4,77
3424,14.03.2019,0,8,8,67
3425,15.03.2019,0,5,5,76
3426,16.03.2019,0,7,7,70
3427,17.03.2019,0,4,4,72
3428,18.03.2019,0,4,4,75
3429,19.03.2019,0,8,9,64
3430,20.03.2019,1,13,15,60
3431,21.03.2019,1,14,15,40
3432,22.03.2019,2,17,20,24
3433,23.03.2019,3,12,16,34
3434,24.03.2019,0,8,8,59
3435,25.03.2019,0,8,8,64
3436,26.03.2019,0,8,7,63
3437,27.03.2019,0,8,7,59
3438,28.03.2019,0,10,8,47
3439,29.03.2019,1,12,13,38
3440,30.03.2019,4,16,22,52
3441,31.03.2019,0,6,5,74
3442,01.04.2019,1,6,7,74
3443,02.04.2019,1,10,10,75
3444,03.04.2019,1,15,17,76
3445,04.04.2019,1,9,11,88
3446,05.04.2019,3,16,20,47
3447,06.04.2019,0,9,10,84
3448,07.04.2019,0,6,7,96
3449,08.04.2019,1,8,10,93
3450,09.04.2019,0,3,4,89
3451,10.04.2019,0,6,6,74
3452,11.04.2019,0,4,4,74
3453,12.04.2019,0,6,6,69
3454,13.04.2019,0,5,5,72
3455,14.04.2019,0,4,4,68
3456,15.04.2019,0,5,5,80
3457,16.04.2019,0,9,9,84
3458,17.04.2019,0,8,8,88
3459,18.04.2019,0,8,9,94
3460,19.04.2019,0,7,7,108
3461,20.04.2019,0,5,4,101
3462,21.04.2019,0,5,6,95
3463,22.04.2019,0,4,4,102
3464,23.04.2019,0,4,4,105
3465,24.04.2019,0,6,6,87
3466,25.04.2019,0,8,8,92
3467,26.04.2019,0,9,9,96
3468,27.04.2019,1,6,7,70
3469,28.04.2019,1,4,5,61
3470,29.04.2019,0,6,6,63
3471,30.04.2019,0,7,7,90
3472,01.05.2019,1,7,7,77
3473,02.05.2019,0,4,5,81
3474,03.05.2019,0,4,4,86
3475,04.05.2019,1,6,7,70
3476,05.05.2019,0,6,6,67
3477,06.05.2019,1,6,7,75
3478,07.05.2019,0,7,7,64
3479,08.05.2019,1,16,18,71
3480,09.05.2019,1,5,6,71
3481,10.05.2019,1,9,10,55
3482,11.05.2019,0,6,6,62
3483,12.05.2019,0,4,4,75
3484,13.05.2019,1,6,7,67
3485,14.05.2019,0,3,3,71
3486,15.05.2019,0,2,3,76
3487,16.05.2019,0,7,7,44
3488,17.05.2019,2,10,12,53
3489,18.05.2019,1,5,6,68
3490,19.05.2019,0,6,6,80
3491,20.05.2019,1,5,5,64
3492,21.05.2019,1,7,8,63
3493,22.05.2019,0,5,5,61
3494,23.05.2019,1,5,6,67
3495,24.05.2019,2,13,15,79
3496,25.05.2019,0,5,5,67
3497,26.05.2019,0,7,7,66
3498,27.05.2019,0,7,7,58
3499,28.05.2019,0,6,7,62
3500,29.05.2019,0,5,5,77
3501,30.05.2019,0,7,7,73
3502,31.05.2019,0,7,7,48
3503,01.06.2019,2,8,12,58
3504,02.06.2019,0,8,8,76
3505,03.06.2019,1,11,13,86
3506,04.06.2019,0,9,9,97
3507,05.06.2019,0,9,9,102
3508,06.06.2019,0,8,8,87
3509,07.06.2019,0,9,9,71
3510,08.06.2019,0,5,4,74
3511,09.06.2019,0,7,7,68
3512,10.06.2019,1,7,8,65
3513,11.06.2019,0,11,11,76
3514,12.06.2019,0,8,8,77
3515,13.06.2019,1,13,14,60
3516,14.06.2019,0,11,11,81
3517,15.06.2019,0,6,6,112
3518,16.06.2019,0,5,5,89
3519,17.06.2019,1,12,13,76
3520,18.06.2019,1,9,10,82
3521,19.06.2019,1,11,11,101
3522,20.06.2019,1,8,9,78
3523,21.06.2019,0,7,7,73
3524,22.06.2019,0,3,3,83
3525,23.06.2019,0,3,3,87
3526,24.06.2019,0,6,7,85
3527,25.06.2019,0,10,10,107
3528,26.06.2019,0,10,10,118
3529,27.06.2019,0,3,3,81
3530,28.06.2019,0,6,6,67
3531,29.06.2019,1,6,7,75
3532,30.06.2019,0,11,11,103
3533,01.07.2019,0,4,3,90
3534,02.07.2019,0,3,4,69
3535,03.07.2019,0,4,4,66
3536,04.07.2019,0,4,4,65
3537,05.07.2019,0,4,4,60
3538,06.07.2019,1,4,5,54
3539,07.07.2019,0,4,4,60
3540,08.07.2019,0,4,3,63
3541,09.07.2019,0,4,4,58
3542,10.07.2019,0,5,5,54
3543,11.07.2019,2,9,12,71
3544,12.07.2019,1,7,8,42
3545,13.07.2019,1,7,9,44
3546,14.07.2019,1,6,6,49
3547,15.07.2019,0,5,5,60
3548,16.07.2019,0,4,4,56
3549,17.07.2019,0,8,8,54
3550,18.07.2019,0,10,10,70
3551,19.07.2019,1,12,13,53
3552,20.07.2019,6,10,19,56
3553,21.07.2019,0,7,8,61
3554,22.07.2019,1,10,12,57
3555,23.07.2019,1,9,11,56
3556,24.07.2019,1,11,12,57
3557,25.07.2019,1,9,10,59
3558,26.07.2019,0,4,4,70
3559,27.07.2019,0,4,5,74
3560,28.07.2019,0,5,5,95
3561,29.07.2019,1,10,11,71
3562,30.07.2019,1,9,10,50
3563,31.07.2019,1,13,14,53
3564,01.08.2019,1,12,13,50
3565,02.08.2019,2,11,14,35
3566,03.08.2019,1,8,10,38
3567,04.08.2019,1,7,8,50
3568,05.08.2019,5,14,21,43
3569,06.08.2019,1,10,11,54
3570,07.08.2019,2,11,15,45
3571,08.08.2019,0,9,10,62
3572,09.08.2019,1,10,11,67
3573,10.08.2019,0,8,7,66
3574,11.08.2019,0,7,7,69
3575,12.08.2019,0,10,11,67
3576,13.08.2019,0,5,5,73
3577,14.08.2019,1,7,8,67
3578,15.08.2019,2,17,20,50
3579,16.08.2019,1,6,7,48
3580,17.08.2019,1,14,15,54
3581,18.08.2019,1,6,7,43
3582,19.08.2019,1,10,12,44
3583,20.08.2019,5,15,23,47
3584,21.08.2019,1,10,11,61
3585,22.08.2019,1,12,14,74
3586,23.08.2019,1,11,13,76
3587,24.08.2019,0,7,7,89
3588,25.08.2019,0,6,6,92
3589,26.08.2019,0,8,8,79
3590,27.08.2019,1,12,14,69
3591,28.08.2019,1,16,18,78
3592,29.08.2019,1,15,16,87
3593,30.08.2019,0,6,7,89
3594,31.08.2019,0,10,10,100
3595,01.09.2019,0,7,7,91
3596,02.09.2019,0,6,6,64
3597,03.09.2019,1,10,11,54
3598,04.09.2019,1,9,10,70
3599,05.09.2019,0,5,6,62
3600,06.09.2019,1,10,11,51
3601,07.09.2019,1,20,22,38
3602,08.09.2019,1,3,4,50
3603,09.09.2019,0,6,6,51
3604,10.09.2019,0,6,6,69
3605,11.09.2019,1,14,16,63
3606,12.09.2019,1,9,10,43
3607,13.09.2019,1,12,13,37
3608,14.09.2019,1,12,14,40
3609,15.09.2019,1,11,13,56
3610,16.09.2019,0,5,6,53
3611,17.09.2019,1,6,7,51
3612,18.09.2019,0,4,5,58
3613,19.09.2019,1,9,10,42
3614,20.09.2019,1,11,12,37
3615,21.09.2019,1,11,12,43
3616,22.09.2019,0,12,13,45
3617,23.09.2019,0,14,15,55
3618,24.09.2019,1,16,17,29
3619,25.09.2019,2,17,21,14
3620,26.09.2019,4,13,19,16
3621,27.09.2019,1,12,14,23
3622,28.09.2019,1,8,8,30
3623,29.09.2019,0,7,7,40
3624,30.09.2019,1,4,4,55
3625,01.10.2019,1,10,11,33
3626,02.10.2019,0,6,6,46
3627,03.10.2019,0,5,5,31
3628,04.10.2019,4,8,15,22
3629,05.10.2019,0,4,5,35
3630,06.10.2019,1,4,5,27
3631,07.10.2019,5,13,21,19
3632,08.10.2019,3,16,20,14
3633,09.10.2019,1,7,8,31
3634,10.10.2019,0,6,7,43
3635,11.10.2019,0,7,7,41
3636,12.10.2019,0,7,7,46
3637,13.10.2019,2,11,13,31
3638,14.10.2019,1,10,12,38
3639,15.10.2019,2,16,18,22
3640,16.10.2019,2,11,13,27
3641,17.10.2019,1,15,17,20
3642,18.10.2019,1,13,15,32
3643,19.10.2019,2,16,19,19
3644,20.10.2019,2,12,15,12
3645,21.10.2019,10,15,30,5
3646,22.10.2019,7,13,24,15
3647,23.10.2019,6,11,20,18
3648,24.10.2019,2,15,17,23
3649,25.10.2019,5,14,21,20
3650,26.10.2019,0,10,10,42
3651,27.10.2019,0,6,6,50
3652,28.10.2019,0,9,10,40
3653,29.10.2019,0,10,11,29
